CREATE DATABASE  IF NOT EXISTS `university_2023_caso_mongodb` /*!40100 DEFAULT CHARACTER SET utf8mb4 COLLATE utf8mb4_0900_ai_ci */ /*!80016 DEFAULT ENCRYPTION='N' */;
USE `university_2023_caso_mongodb`;
-- MySQL dump 10.13  Distrib 8.0.30, for Win64 (x86_64)
--
-- Host: localhost    Database: university_2023_caso_mongodb
-- ------------------------------------------------------
-- Server version	8.0.27

/*!40101 SET @OLD_CHARACTER_SET_CLIENT=@@CHARACTER_SET_CLIENT */;
/*!40101 SET @OLD_CHARACTER_SET_RESULTS=@@CHARACTER_SET_RESULTS */;
/*!40101 SET @OLD_COLLATION_CONNECTION=@@COLLATION_CONNECTION */;
/*!50503 SET NAMES utf8 */;
/*!40103 SET @OLD_TIME_ZONE=@@TIME_ZONE */;
/*!40103 SET TIME_ZONE='+00:00' */;
/*!40014 SET @OLD_UNIQUE_CHECKS=@@UNIQUE_CHECKS, UNIQUE_CHECKS=0 */;
/*!40014 SET @OLD_FOREIGN_KEY_CHECKS=@@FOREIGN_KEY_CHECKS, FOREIGN_KEY_CHECKS=0 */;
/*!40101 SET @OLD_SQL_MODE=@@SQL_MODE, SQL_MODE='NO_AUTO_VALUE_ON_ZERO' */;
/*!40111 SET @OLD_SQL_NOTES=@@SQL_NOTES, SQL_NOTES=0 */;

--
-- Table structure for table `advisor`
--

DROP TABLE IF EXISTS `advisor`;
/*!40101 SET @saved_cs_client     = @@character_set_client */;
/*!50503 SET character_set_client = utf8mb4 */;
CREATE TABLE `advisor` (
  `s_ID` varchar(5) CHARACTER SET utf8mb4 COLLATE utf8mb4_unicode_ci NOT NULL,
  `i_ID` varchar(5) CHARACTER SET utf8mb4 COLLATE utf8mb4_unicode_ci DEFAULT NULL,
  KEY `i_ID` (`i_ID`),
  KEY `s_ID` (`s_ID`),
  CONSTRAINT `advisor_ibfk_2` FOREIGN KEY (`s_ID`) REFERENCES `student` (`ID`) ON DELETE RESTRICT ON UPDATE RESTRICT,
  CONSTRAINT `advisor_ibfk_3` FOREIGN KEY (`i_ID`) REFERENCES `instructor` (`ID`) ON DELETE RESTRICT ON UPDATE RESTRICT
) ENGINE=InnoDB DEFAULT CHARSET=utf8mb4 COLLATE=utf8mb4_unicode_ci;
/*!40101 SET character_set_client = @saved_cs_client */;

--
-- Dumping data for table `advisor`
--

LOCK TABLES `advisor` WRITE;
/*!40000 ALTER TABLE `advisor` DISABLE KEYS */;
INSERT INTO `advisor` VALUES ('00128','45565'),('12345','10101'),('23121','76543'),('44553','22222'),('45678','22222'),('76543','45565'),('76653','98345'),('98765','98345'),('98988','76766');
/*!40000 ALTER TABLE `advisor` ENABLE KEYS */;
UNLOCK TABLES;

--
-- Table structure for table `classroom`
--

DROP TABLE IF EXISTS `classroom`;
/*!40101 SET @saved_cs_client     = @@character_set_client */;
/*!50503 SET character_set_client = utf8mb4 */;
CREATE TABLE `classroom` (
  `building` varchar(15) CHARACTER SET utf8mb4 COLLATE utf8mb4_unicode_ci NOT NULL,
  `room_number` varchar(7) CHARACTER SET utf8mb4 COLLATE utf8mb4_unicode_ci NOT NULL,
  `capacity` decimal(4,0) DEFAULT NULL,
  PRIMARY KEY (`building`,`room_number`),
  CONSTRAINT `classroom_ibfk_1` FOREIGN KEY (`building`) REFERENCES `department` (`building`) ON DELETE RESTRICT ON UPDATE RESTRICT,
  CONSTRAINT `classroom_ibfk_2` FOREIGN KEY (`building`) REFERENCES `department` (`building`) ON DELETE CASCADE ON UPDATE CASCADE
) ENGINE=InnoDB DEFAULT CHARSET=utf8mb4 COLLATE=utf8mb4_unicode_ci;
/*!40101 SET character_set_client = @saved_cs_client */;

--
-- Dumping data for table `classroom`
--

LOCK TABLES `classroom` WRITE;
/*!40000 ALTER TABLE `classroom` DISABLE KEYS */;
INSERT INTO `classroom` VALUES ('Packard','101',500),('Painter','514',10),('Taylor','3128',70),('Watson','100',30),('Watson','120',50);
/*!40000 ALTER TABLE `classroom` ENABLE KEYS */;
UNLOCK TABLES;

--
-- Table structure for table `course`
--

DROP TABLE IF EXISTS `course`;
/*!40101 SET @saved_cs_client     = @@character_set_client */;
/*!50503 SET character_set_client = utf8mb4 */;
CREATE TABLE `course` (
  `course_id` varchar(8) CHARACTER SET utf8mb4 COLLATE utf8mb4_unicode_ci NOT NULL,
  `title` varchar(50) CHARACTER SET utf8mb4 COLLATE utf8mb4_unicode_ci DEFAULT NULL,
  `dept_name` varchar(20) CHARACTER SET utf8mb4 COLLATE utf8mb4_unicode_ci DEFAULT NULL,
  `credits` decimal(2,0) DEFAULT NULL,
  PRIMARY KEY (`course_id`),
  KEY `dept_name` (`dept_name`),
  CONSTRAINT `course_ibfk_1` FOREIGN KEY (`dept_name`) REFERENCES `department` (`dept_name`) ON DELETE RESTRICT ON UPDATE RESTRICT
) ENGINE=InnoDB DEFAULT CHARSET=utf8mb4 COLLATE=utf8mb4_0900_ai_ci;
/*!40101 SET character_set_client = @saved_cs_client */;

--
-- Dumping data for table `course`
--

LOCK TABLES `course` WRITE;
/*!40000 ALTER TABLE `course` DISABLE KEYS */;
INSERT INTO `course` VALUES ('BIO-101','Intro. to Biology','Biology',4),('BIO-301','Genetics','Biology',4),('BIO-399','Computational Biology','Biology',3),('CS-101','Intro. to Computer Science','Comp. Sci.',4),('CS-190','Game Design','Comp. Sci.',4),('CS-315','Robotics','Comp. Sci.',3),('CS-319','Image Processing','Comp. Sci.',3),('CS-347','Database System Concepts','Comp. Sci.',3),('EE-181','Intro. to Digital Systems','Elec. Eng.',3),('FIN-201','Investment Banking','Finance',3),('HIS-351','World History','History',3),('MU-199','Music Video Production','Music',3),('PHY-101','Physical Principles','Physics',4);
/*!40000 ALTER TABLE `course` ENABLE KEYS */;
UNLOCK TABLES;

--
-- Table structure for table `department`
--

DROP TABLE IF EXISTS `department`;
/*!40101 SET @saved_cs_client     = @@character_set_client */;
/*!50503 SET character_set_client = utf8mb4 */;
CREATE TABLE `department` (
  `dept_name` varchar(20) CHARACTER SET utf8mb4 COLLATE utf8mb4_unicode_ci NOT NULL,
  `building` varchar(15) CHARACTER SET utf8mb4 COLLATE utf8mb4_unicode_ci DEFAULT NULL,
  `budget` decimal(12,2) DEFAULT NULL,
  PRIMARY KEY (`dept_name`),
  KEY `building` (`building`)
) ENGINE=InnoDB DEFAULT CHARSET=utf8mb4 COLLATE=utf8mb4_0900_ai_ci;
/*!40101 SET character_set_client = @saved_cs_client */;

--
-- Dumping data for table `department`
--

LOCK TABLES `department` WRITE;
/*!40000 ALTER TABLE `department` DISABLE KEYS */;
INSERT INTO `department` VALUES ('Biology','Watson',90000.00),('Comp. Sci.','Taylor',100000.00),('Elec. Eng.','Taylor',85000.00),('Finance','Painter',120000.00),('History','Painter',50000.00),('Music','Packard',80000.00),('Physics','Watson',70000.00);
/*!40000 ALTER TABLE `department` ENABLE KEYS */;
UNLOCK TABLES;

--
-- Table structure for table `fields`
--

DROP TABLE IF EXISTS `fields`;
/*!40101 SET @saved_cs_client     = @@character_set_client */;
/*!50503 SET character_set_client = utf8mb4 */;
CREATE TABLE `fields` (
  `id` int NOT NULL AUTO_INCREMENT,
  `field` varchar(30) CHARACTER SET utf8mb4 COLLATE utf8mb4_unicode_ci NOT NULL,
  `field_json` json NOT NULL,
  PRIMARY KEY (`id`)
) ENGINE=MyISAM DEFAULT CHARSET=utf8mb4 COLLATE=utf8mb4_0900_ai_ci;
/*!40101 SET character_set_client = @saved_cs_client */;

--
-- Dumping data for table `fields`
--

LOCK TABLES `fields` WRITE;
/*!40000 ALTER TABLE `fields` DISABLE KEYS */;
/*!40000 ALTER TABLE `fields` ENABLE KEYS */;
UNLOCK TABLES;

--
-- Table structure for table `instructor`
--

DROP TABLE IF EXISTS `instructor`;
/*!40101 SET @saved_cs_client     = @@character_set_client */;
/*!50503 SET character_set_client = utf8mb4 */;
CREATE TABLE `instructor` (
  `ID` varchar(5) CHARACTER SET utf8mb4 COLLATE utf8mb4_unicode_ci NOT NULL,
  `name` varchar(20) CHARACTER SET utf8mb4 COLLATE utf8mb4_unicode_ci NOT NULL,
  `dept_name` varchar(20) CHARACTER SET utf8mb4 COLLATE utf8mb4_unicode_ci DEFAULT NULL,
  `salary` decimal(8,2) DEFAULT NULL,
  `activo` tinyint(1) NOT NULL,
  PRIMARY KEY (`ID`),
  KEY `dept_name` (`dept_name`),
  CONSTRAINT `instructor_ibfk_1` FOREIGN KEY (`dept_name`) REFERENCES `department` (`dept_name`) ON DELETE RESTRICT ON UPDATE RESTRICT
) ENGINE=InnoDB DEFAULT CHARSET=utf8mb4 COLLATE=utf8mb4_0900_ai_ci;
/*!40101 SET character_set_client = @saved_cs_client */;

--
-- Dumping data for table `instructor`
--

LOCK TABLES `instructor` WRITE;
/*!40000 ALTER TABLE `instructor` DISABLE KEYS */;
INSERT INTO `instructor` VALUES ('10101','Srinivasan','Comp. Sci.',65000.00,0),('12121','Wu','Finance',90000.00,1),('15151','Mozart','Music',40000.00,0),('22222','Einstein','Physics',95000.00,0),('32343','El Said','History',60000.00,1),('33456','Gold','Physics',87000.00,0),('45565','Katz','Comp. Sci.',75000.00,1),('58583','Califieri','History',62000.00,1),('76543','Singh','Finance',80000.00,0),('76766','Crick','Biology',72000.00,0),('83821','Brandt','Comp. Sci.',92000.00,1),('98345','Kim','Elec. Eng.',80000.00,1);
/*!40000 ALTER TABLE `instructor` ENABLE KEYS */;
UNLOCK TABLES;

--
-- Table structure for table `mongodb_objects`
--

DROP TABLE IF EXISTS `mongodb_objects`;
/*!40101 SET @saved_cs_client     = @@character_set_client */;
/*!50503 SET character_set_client = utf8mb4 */;
CREATE TABLE `mongodb_objects` (
  `id` int NOT NULL AUTO_INCREMENT,
  `object_mongodb` json NOT NULL,
  PRIMARY KEY (`id`)
) ENGINE=MyISAM DEFAULT CHARSET=utf8mb4 COLLATE=utf8mb4_0900_ai_ci;
/*!40101 SET character_set_client = @saved_cs_client */;

--
-- Dumping data for table `mongodb_objects`
--

LOCK TABLES `mongodb_objects` WRITE;
/*!40000 ALTER TABLE `mongodb_objects` DISABLE KEYS */;
/*!40000 ALTER TABLE `mongodb_objects` ENABLE KEYS */;
UNLOCK TABLES;

--
-- Table structure for table `mytables`
--

DROP TABLE IF EXISTS `mytables`;
/*!40101 SET @saved_cs_client     = @@character_set_client */;
/*!50503 SET character_set_client = utf8mb4 */;
CREATE TABLE `mytables` (
  `id` int NOT NULL AUTO_INCREMENT,
  `myvalues` json NOT NULL,
  PRIMARY KEY (`id`)
) ENGINE=MyISAM DEFAULT CHARSET=utf8mb4 COLLATE=utf8mb4_0900_ai_ci;
/*!40101 SET character_set_client = @saved_cs_client */;

--
-- Dumping data for table `mytables`
--

LOCK TABLES `mytables` WRITE;
/*!40000 ALTER TABLE `mytables` DISABLE KEYS */;
/*!40000 ALTER TABLE `mytables` ENABLE KEYS */;
UNLOCK TABLES;

--
-- Table structure for table `prereq`
--

DROP TABLE IF EXISTS `prereq`;
/*!40101 SET @saved_cs_client     = @@character_set_client */;
/*!50503 SET character_set_client = utf8mb4 */;
CREATE TABLE `prereq` (
  `course_id` varchar(8) CHARACTER SET utf8mb4 COLLATE utf8mb4_unicode_ci NOT NULL,
  `prereq_id` varchar(8) CHARACTER SET utf8mb4 COLLATE utf8mb4_unicode_ci NOT NULL,
  PRIMARY KEY (`course_id`,`prereq_id`),
  KEY `prereq_id` (`prereq_id`),
  CONSTRAINT `prereq_ibfk_1` FOREIGN KEY (`course_id`) REFERENCES `course` (`course_id`) ON DELETE RESTRICT ON UPDATE RESTRICT,
  CONSTRAINT `prereq_ibfk_2` FOREIGN KEY (`prereq_id`) REFERENCES `course` (`course_id`) ON DELETE RESTRICT ON UPDATE RESTRICT
) ENGINE=InnoDB DEFAULT CHARSET=utf8mb4 COLLATE=utf8mb4_unicode_ci;
/*!40101 SET character_set_client = @saved_cs_client */;

--
-- Dumping data for table `prereq`
--

LOCK TABLES `prereq` WRITE;
/*!40000 ALTER TABLE `prereq` DISABLE KEYS */;
INSERT INTO `prereq` VALUES ('BIO-301','BIO-101'),('BIO-399','BIO-101'),('CS-190','CS-101'),('CS-315','CS-101'),('CS-319','CS-101'),('CS-347','CS-101'),('EE-181','PHY-101');
/*!40000 ALTER TABLE `prereq` ENABLE KEYS */;
UNLOCK TABLES;

--
-- Temporary view structure for view `relations`
--

DROP TABLE IF EXISTS `relations`;
/*!50001 DROP VIEW IF EXISTS `relations`*/;
SET @saved_cs_client     = @@character_set_client;
/*!50503 SET character_set_client = utf8mb4 */;
/*!50001 CREATE VIEW `relations` AS SELECT 
 1 AS `ID`,
 1 AS `FOR_NAME`,
 1 AS `REF_NAME`,
 1 AS `N_COLS`,
 1 AS `TYPE`,
 1 AS `FOR_COL_NAME`,
 1 AS `REF_COL_NAME`,
 1 AS `POS`*/;
SET character_set_client = @saved_cs_client;

--
-- Table structure for table `section`
--

DROP TABLE IF EXISTS `section`;
/*!40101 SET @saved_cs_client     = @@character_set_client */;
/*!50503 SET character_set_client = utf8mb4 */;
CREATE TABLE `section` (
  `course_id` varchar(8) CHARACTER SET utf8mb4 COLLATE utf8mb4_unicode_ci NOT NULL,
  `sec_id` varchar(8) CHARACTER SET utf8mb4 COLLATE utf8mb4_unicode_ci NOT NULL,
  `semester` varchar(6) CHARACTER SET utf8mb4 COLLATE utf8mb4_unicode_ci NOT NULL,
  `year` decimal(4,0) NOT NULL,
  `building` varchar(15) CHARACTER SET utf8mb4 COLLATE utf8mb4_unicode_ci NOT NULL,
  `room_number` varchar(7) CHARACTER SET utf8mb4 COLLATE utf8mb4_unicode_ci NOT NULL,
  `time_slot_id` varchar(4) CHARACTER SET utf8mb4 COLLATE utf8mb4_unicode_ci NOT NULL,
  PRIMARY KEY (`course_id`,`sec_id`,`semester`,`year`,`building`,`room_number`,`time_slot_id`),
  KEY `building` (`building`,`room_number`),
  KEY `time_slot_id` (`time_slot_id`),
  CONSTRAINT `section_ibfk_1` FOREIGN KEY (`course_id`) REFERENCES `course` (`course_id`) ON DELETE RESTRICT ON UPDATE RESTRICT,
  CONSTRAINT `section_ibfk_2` FOREIGN KEY (`building`, `room_number`) REFERENCES `classroom` (`building`, `room_number`) ON DELETE RESTRICT ON UPDATE RESTRICT,
  CONSTRAINT `section_ibfk_3` FOREIGN KEY (`time_slot_id`) REFERENCES `time_slot` (`time_slot_id`) ON DELETE RESTRICT ON UPDATE RESTRICT
) ENGINE=InnoDB DEFAULT CHARSET=utf8mb4 COLLATE=utf8mb4_0900_ai_ci;
/*!40101 SET character_set_client = @saved_cs_client */;

--
-- Dumping data for table `section`
--

LOCK TABLES `section` WRITE;
/*!40000 ALTER TABLE `section` DISABLE KEYS */;
INSERT INTO `section` VALUES ('BIO-101','1','Summer',2017,'Packard','101','A'),('BIO-301','1','Summer',2018,'Painter','514','A'),('CS-190','1','Spring',2017,'Taylor','3128','A'),('CS-347','1','Fall',2017,'Taylor','3128','A'),('PHY-101','1','Fall',2017,'Watson','100','A'),('BIO-101','1','Summer',2017,'Painter','514','B'),('CS-319','1','Spring',2018,'Watson','100','B'),('FIN-201','1','Spring',2018,'Packard','101','B'),('CS-319','2','Spring',2018,'Taylor','3128','C'),('EE-181','1','Spring',2017,'Taylor','3128','C'),('HIS-351','1','Spring',2018,'Painter','514','C'),('CS-315','1','Spring',2018,'Watson','120','D'),('MU-199','1','Spring',2018,'Packard','101','D'),('CS-190','2','Spring',2017,'Taylor','3128','E'),('CS-101','1','Spring',2018,'Packard','101','F'),('CS-101','1','Fall',2017,'Packard','101','H');
/*!40000 ALTER TABLE `section` ENABLE KEYS */;
UNLOCK TABLES;

--
-- Table structure for table `student`
--

DROP TABLE IF EXISTS `student`;
/*!40101 SET @saved_cs_client     = @@character_set_client */;
/*!50503 SET character_set_client = utf8mb4 */;
CREATE TABLE `student` (
  `ID` varchar(5) CHARACTER SET utf8mb4 COLLATE utf8mb4_unicode_ci NOT NULL,
  `name` varchar(20) CHARACTER SET utf8mb4 COLLATE utf8mb4_unicode_ci NOT NULL,
  `dept_name` varchar(20) CHARACTER SET utf8mb4 COLLATE utf8mb4_unicode_ci DEFAULT NULL,
  `tot_cred` decimal(3,0) DEFAULT NULL,
  `picture` longblob NOT NULL,
  PRIMARY KEY (`ID`),
  KEY `dept_name` (`dept_name`),
  CONSTRAINT `student_ibfk_1` FOREIGN KEY (`dept_name`) REFERENCES `department` (`dept_name`) ON DELETE RESTRICT ON UPDATE RESTRICT
) ENGINE=InnoDB DEFAULT CHARSET=utf8mb4 COLLATE=utf8mb4_0900_ai_ci;
/*!40101 SET character_set_client = @saved_cs_client */;

--
-- Dumping data for table `student`
--

LOCK TABLES `student` WRITE;
/*!40000 ALTER TABLE `student` DISABLE KEYS */;
INSERT INTO `student` VALUES ('00128','Zhang','Comp. Sci.',102,''),('12345','Shankar','Comp. Sci.',32,''),('19991','Brandt','History',80,''),('23121','Chavez','Finance',110,''),('44553','Peltier','Physics',56,''),('45678','Levy','Physics',46,''),('54321','Williams','Comp. Sci.',54,''),('55739','Sanchez','Music',38,''),('70557','Snow','Physics',56,''),('76543','Brown','Comp. Sci.',58,''),('76653','Aoi','Elec. Eng.',60,''),('98765','Bourikas','Elec. Eng.',98,''),('98988','Tanaka','Biology',120,'');
/*!40000 ALTER TABLE `student` ENABLE KEYS */;
UNLOCK TABLES;

--
-- Table structure for table `student_image`
--

DROP TABLE IF EXISTS `student_image`;
/*!40101 SET @saved_cs_client     = @@character_set_client */;
/*!50503 SET character_set_client = utf8mb4 */;
CREATE TABLE `student_image` (
  `ID` varchar(5) CHARACTER SET utf8mb4 COLLATE utf8mb4_unicode_ci NOT NULL,
  `name` varchar(20) CHARACTER SET utf8mb4 COLLATE utf8mb4_unicode_ci NOT NULL,
  `dept_name` varchar(20) CHARACTER SET utf8mb4 COLLATE utf8mb4_unicode_ci DEFAULT NULL,
  `tot_cred` decimal(3,0) DEFAULT NULL,
  `picture` longblob NOT NULL,
  PRIMARY KEY (`ID`),
  KEY `dept_name` (`dept_name`)
) ENGINE=InnoDB DEFAULT CHARSET=utf8mb4 COLLATE=utf8mb4_0900_ai_ci;
/*!40101 SET character_set_client = @saved_cs_client */;

--
-- Dumping data for table `student_image`
--

LOCK TABLES `student_image` WRITE;
/*!40000 ALTER TABLE `student_image` DISABLE KEYS */;
INSERT INTO `student_image` VALUES ('00128','Zhang','Comp. Sci.',102,_binary '\\\0JFIF\0\0\0H\0H\0\0\\0Exif\0\0MM\0*\0\0\0\0\0\0\0\0\0\0\0\Z\0\0\0\0\0\0\0J\0\0\0\0\0\0\0R(\0\0\0\0\0\0\0i\0\0\0\0\0\0\0Z\0\0\0\0\0\0\0H\0\0\0\0\0\0H\0\0\0\0\0\0\0\0\0\0\0H\0\0\0\0\0\0\0H\0\0\0\0\\08Photoshop 3.0\08BIM\0\0\0\0\0\08BIM%\0\0\0\0\0\ُ\0\	\B~\ICC_PROFILE\0\0\0lcms0\0\0mntrRGB XYZ \\0\0\0\0\0\0&acspAPPL\0\0\0\0\0\0\0\0\0\0\0\0\0\0\0\0\0\0\0\0\0\0\0\0\0\0\\0\0\0\0\0\-lcms\0\0\0\0\0\0\0\0\0\0\0\0\0\0\0\0\0\0\0\0\0\0\0\0\0\0\0\0\0\0\0\0\0\0\0\0\0\0\0\0\0\0\0\0\0\0\0desc\0\0\0\0\08cprt\0\0@\0\0\0Nwtpt\0\0\0\0\0chad\0\0\0\0\0,rXYZ\0\0\\0\0\0bXYZ\0\0\\0\0\0gXYZ\0\0\0\0\0rTRC\0\0\0\0\0 gTRC\0\0,\0\0\0 bTRC\0\0L\0\0\0 chrm\0\0l\0\0\0$mluc\0\0\0\0\0\0\0\0\0\0enUS\0\0\0\0\0\0\0s\0R\0G\0B\0 \0b\0u\0i\0l\0t\0-\0i\0n\0\0mluc\0\0\0\0\0\0\0\0\0\0enUS\0\0\02\0\0\0\0N\0o\0 \0c\0o\0p\0y\0r\0i\0g\0h\0t\0,\0 \0u\0s\0e\0 \0f\0r\0e\0e\0l\0y\0\0\0\0XYZ \0\0\0\0\0\0\\0\0\0\0\0\-sf32\0\0\0\0\0J\0\0\*\0\0\0\0\0\0\\0\0XYZ \0\0\0\0\0\0o\0\08\\0\0XYZ \0\0\0\0\0\0$\0\0\0\0XYZ \0\0\0\0\0\0b\0\0\0\0\para\0\0\0\0\0\0\0\0ff\0\0\0\0\rY\0\0\\0\0\n[para\0\0\0\0\0\0\0\0ff\0\0\0\0\rY\0\0\\0\0\n[para\0\0\0\0\0\0\0\0ff\0\0\0\0\rY\0\0\\0\0\n[chrm\0\0\0\0\0\0\0\0\0\\0\0T{\0\0L\\0\0\0\0&f\0\0\\\0\0H\0H\0\\0\0\0\0\0\0\0\0\0\0\0	\n\\0\0\0\0}\0!1AQa\"q2#BR\$3br	\n\Z%&\'()*456789:CDEFGHIJSTUVWXYZcdefghijstuvwxyz\\\\\\\\\\\\\\\\\\\\\\\\\\\\\\0\0\0\0\0\0\0\0	\n\\0\0\0w\0!1AQaq\"2B	#3Rbr\\n$4\%\Z&\'()*56789:CDEFGHIJSTUVWXYZcdefghijstuvwxyz\\\\\\\\\\\\\\\\\\\\\\\\\\\\\0C\0	\Z!\Z\"$\"$\\0C\\0\0	\\0\0\0?\0\u\ԣq\\*̎\"F\O1X/\^\\c\˗cK6_o[#\\Q`19r?ڬ\\\_K,>zkw\\2\k:\\\"4I\[Pq\\ۨ\\\r8\T	\~kUMsZՓ@ƙ5\n\ \ǌm\\\?_Ϊ0\D\9\ZZ\_\Y\'\jz8r7\/vi\h:4s\\\r\\\u\h\;=Jo0\d\0IՈp:W;h\~\\\rfC\{\\\9rE\qh<#7\\\pwI&\\\\ix\0[\"\v ooJ-Fr?H\\n1G \5_\X!0y\އqῴ-\"{{*\\ΰN\H\N*ՙ\\#\\ua\jڨTB\X\\\W\M\FL>X\ظ܀|sP\1\䱗\xH\\\b\"|ihf\rΤJW\F\@{jW\nm*\5o^xTO{\&n#B:\;{}kc,D\\\y,\#)\\pG\Chlm\n1n\[7\0\7	M~/\J9;Ƹ x\KZ\\0.3rs8(F\\U[\KYmp\7?fQ\X\d\Ͽ\\\kN\0\Ik)Su\PT\c.]rq\Ut\s΄T\=\'\0N\\E\\\"\b?\p\S\J\\\M\J\n^\\)|U<S\\n\󩤵*{%\\	:bp3\\T^~Klh׼c\\jv[s\'\\Iq\7Gғ\H\rݤ\x?\\j]4uZ20XpANqOP4\<Qō\;vun\\Z6\\\Kb?֮V̐ޙ1\ĳ.O ;?\Z\\9eqXi\i]9\㵟\pR;v\\\[PԥY\n󤐁\J\=\2ci]-L\~8\F&u\ͩ22\0xZ˳y?/L\\s\\8\$s\ȰT9W\}r\'2cM?\/h]\qjY\\wal\re8`ּ29$	\{w[xl2~\0qڻ\\\\zel\C\8\.\0\\\V\0@\u-:xu[f2{O/VLfH\MȻl\EskI\\f\\3\0\n\xZ߼\i\V=·\nt#\Ym\\n\)\\ɂve?\MY\U\	G\CJ\H3+\gU\/.fLZ\ߧ>՟\+ۏ?\1p\^y\'Y\\\c\1\@}G\Z|Oo\j=Ŭ6l8JʱN\@.\\'H\U0TeoΜ\L\';\\a\\P\\Fx\NGBx\\n\p3S25\/l7\F)+vwK\F\̙WSB9(UyP 䓒}I\\+(r@㡫V,4Ո\{d\0\Z\Y\*{.]#N\\_<?\Z\%@rH\\\M\R%=sAvO\d+\<dN\\\x?\rKCrS=$:TV\}\\I\A\\RjoO\\\\~\3\Zm\w39.\0\\\0]^,xW\yƍ<\'gk\Ho\u%ʻ#6\pa\\P\0o\<-9>c_UZ\&kk\\0h/d\0@*Mw[\of3\J\\\d22ǎ?[o\'\(\H\\͕V\\\o\\_Oך\{\0h\Av%Ώ\\f]D?u6u$s)!\x\ں\\0\\'n)5_q\uΚTR6aoS tǱ\0\\r\gi\9\o󟴫7\\5\c4zy\\'),('12345','Shankar','Comp. Sci.',32,_binary '\\\0JFIF\0\0\0H\0H\0\0\\0Exif\0\0MM\0*\0\0\0\0\0\0\0\0\0\0\0\Z\0\0\0\0\0\0\0J\0\0\0\0\0\0\0R(\0\0\0\0\0\0\0i\0\0\0\0\0\0\0Z\0\0\0\0\0\0\0H\0\0\0\0\0\0H\0\0\0\0\0\0\0\0\0\0\0H\0\0\0\0\0\0\0H\0\0\0\0\\08Photoshop 3.0\08BIM\0\0\0\0\0\08BIM%\0\0\0\0\0\ُ\0\	\B~\ICC_PROFILE\0\0\0lcms0\0\0mntrRGB XYZ \\0\0\0\0\04acspAPPL\0\0\0\0\0\0\0\0\0\0\0\0\0\0\0\0\0\0\0\0\0\0\0\0\0\0\\0\0\0\0\0\-lcms\0\0\0\0\0\0\0\0\0\0\0\0\0\0\0\0\0\0\0\0\0\0\0\0\0\0\0\0\0\0\0\0\0\0\0\0\0\0\0\0\0\0\0\0\0\0\0desc\0\0\0\0\08cprt\0\0@\0\0\0Nwtpt\0\0\0\0\0chad\0\0\0\0\0,rXYZ\0\0\\0\0\0bXYZ\0\0\\0\0\0gXYZ\0\0\0\0\0rTRC\0\0\0\0\0 gTRC\0\0,\0\0\0 bTRC\0\0L\0\0\0 chrm\0\0l\0\0\0$mluc\0\0\0\0\0\0\0\0\0\0enUS\0\0\0\0\0\0\0s\0R\0G\0B\0 \0b\0u\0i\0l\0t\0-\0i\0n\0\0mluc\0\0\0\0\0\0\0\0\0\0enUS\0\0\02\0\0\0\0N\0o\0 \0c\0o\0p\0y\0r\0i\0g\0h\0t\0,\0 \0u\0s\0e\0 \0f\0r\0e\0e\0l\0y\0\0\0\0XYZ \0\0\0\0\0\0\\0\0\0\0\0\-sf32\0\0\0\0\0J\0\0\*\0\0\0\0\0\0\\0\0XYZ \0\0\0\0\0\0o\0\08\\0\0XYZ \0\0\0\0\0\0$\0\0\0\0XYZ \0\0\0\0\0\0b\0\0\0\0\para\0\0\0\0\0\0\0\0ff\0\0\0\0\rY\0\0\\0\0\n[para\0\0\0\0\0\0\0\0ff\0\0\0\0\rY\0\0\\0\0\n[para\0\0\0\0\0\0\0\0ff\0\0\0\0\rY\0\0\\0\0\n[chrm\0\0\0\0\0\0\0\0\0\\0\0T{\0\0L\\0\0\0\0&f\0\0\\\0\0H\0H\0\\0\0\0\0\0\0\0\0\0\0\0	\n\\0\0\0\0}\0!1AQa\"q2#BR\$3br	\n\Z%&\'()*456789:CDEFGHIJSTUVWXYZcdefghijstuvwxyz\\\\\\\\\\\\\\\\\\\\\\\\\\\\\\0\0\0\0\0\0\0\0	\n\\0\0\0w\0!1AQaq\"2B	#3Rbr\\n$4\%\Z&\'()*56789:CDEFGHIJSTUVWXYZcdefghijstuvwxyz\\\\\\\\\\\\\\\\\\\\\\\\\\\\\0C\0		\n\r\Z\Z $.\' \",#(7),01444\'9=82<.342\\0C			\r\r2!!22222222222222222222222222222222222222222222222222\\0\0	\\0\0\0?\0\(t_\kn\AppU?.>\\?mC͑\%ww$?*h\\;\\;\#\vC\w#<\\b\dfT7.\\P\JcڍI\Q8\$t⩜K\*A\Z[NI\ʽ>jm!\\\"y?jj\\@\+\8u gqW\i6pw\u&\B<\r\@ǒk\4\i4\0c`23+	VI\\4[Gb\\$x--\&k+\|\=\xe\?\\4?CT\8H\g\n\酷g\wI	\i}zWW%\\O\\\4I	cmpk\\4\6[E4+$*h\˜}+j\\Q\\#+\\q\K	\n}q®.v\>\m\-	͎WsԌ%\->,mc\]\r\S\饤g}\Qc6`\7Eѥ)Y\\\\3-k)\\\4\\-\\2wcTuoIP\\OL\N3\Wt\\Y\y\><\_Gqo\"r\rw_M7F;;5\R>5uE;bbOץw՗\p\^l\\>\_D\r?zA\~5t\Zr~aʟC^l\\탊z\<\$b\k\\%ֹԚ;kK\\r1Xr.Yck^\S{fl\90S\.\S\c\q\l4rUX\\\h \\,UrTMx\\f|)\\B(pZ+s\th\">\\`)S4n\TI\h=T\\RV8mCAXUq}\;f]\\3b?\n\㼋~[fe`\:}k5\'de*q\/wKL\0\9jv\jؒt{\v<VT9q\rA%\4\0X,\_\\\\N}\\>\\V=\V-Y\\A\\5\\v^SnbmMZ\.\p\\\0V\	U\2)J)\ˌ\z\Z6Z3\)\mg\[LH~YP\d;T\-.)\Z4qxzZ\<\\\\\\ꈟ\\W\$\K\\m\0׬{[M\$X\r\\Z\	\\\'\n\\*,w\HҶ\2t\O\R]j0\Y[Uی/;h\J짣Ť{z\+k`N\<\Ұ5V\R\a\0~X\s\}kUFR0u\Q59Υs5̙/#g\\*O\\<s]I(II\ݏhqdQ\008\Qd\\\q\"\\\T6u8nSg\@a\ֳ\0\\I4onm\ 2\ăP\%!\t\Z^s\P̣\V<\V>\zԔkt]H\p\W7aإ^v\\]Bl\\c#\B?\PkZpPvFS1A\c=h_c\[\@y\E85H\\oe\t\\'),('19991','Brandt','History',80,_binary '\\\0JFIF\0\0\0H\0H\0\0\\0Exif\0\0MM\0*\0\0\0\0\0\0\0\0\0\0\0\Z\0\0\0\0\0\0\0J\0\0\0\0\0\0\0R(\0\0\0\0\0\0\0i\0\0\0\0\0\0\0Z\0\0\0\0\0\0\0H\0\0\0\0\0\0H\0\0\0\0\0\0\0\0\0\0\0\0\0\0\0\0\0\0H\0\0\0\0\0\0\0H\0\0\0\0\\08Photoshop 3.0\08BIM\0\0\0\0\0\08BIM%\0\0\0\0\0\ُ\0\	\B~\0\0H\0H\0\\0\0\0\0\0\0\0\0\0\0\0	\n\\0\0\0\0}\0!1AQa\"q2#BR\$3br	\n\Z%&\'()*456789:CDEFGHIJSTUVWXYZcdefghijstuvwxyz\\\\\\\\\\\\\\\\\\\\\\\\\\\\\\0\0\0\0\0\0\0\0	\n\\0\0\0w\0!1AQaq\"2B	#3Rbr\\n$4\%\Z&\'()*56789:CDEFGHIJSTUVWXYZcdefghijstuvwxyz\\\\\\\\\\\\\\\\\\\\\\\\\\\\\0C\0		\n\r\Z\Z $.\' \",#(7),01444\'9=82<.342\\0C			\r\r2!!22222222222222222222222222222222222222222222222222\\0\0	\\0\0\0?\0s]\CO\"\c5\{U\\rc\\qY;\\G\)3\zbܺIJd\Ҧ>\\m\\+N8ۻp3Ui\D\\qr\3e_)\!Y?\\f[I\\ݙk\y\uYم\ b\9?Z\tKYX\\f?ƚ:\;+{\\\#}ErZͅNp\!q.;r\0?:\#8#}j#7\Z5p.\\\Hhnn/t\n\ɭqǟJQ%\n\4z$;g\;X\\\"uS6\Ó\\\\r\Zm\+jR\\kBS\lR\.gо\`4qN\0<\\'\EX\|a\\Z0[úQ\5\+|Cs:Q\"KI Q	\cz}*\S=4F\\zN\ni\:\0<?]Ei\nU@\r\'EA~\(\XiJxbLqF?:\\rH\x~\H\\}0j^!.\\n\S&oʄ\\uY\$d3H\5?X+\\\Y\\_\|\n/v\ύ\0[Gw\:F\0z\\s\7|5b)e6/*p!\\ڮ\/BA\"Ȓ*\//9҉S\sN\GD~\ݛQ\\˖놨ʝ\A\=\\WB}\Zd\|ЛadCO\,|\ex\WY\`}z~5\͜\\ =\Mїu\f\MVTB 7AUc\\mst\\0Z6:>\_%/\!bW\0L\Zc12\;\9\w-\\js$.+Ug\k;\rp9c1(j\75\,\"\jt\0\\~?v\"V\\1\0=T08ϵks7aDd\\N\PԢ\]\V?\\O\MeHY{\\X=g\0\+[YX\pӪT.%4X\\\f\Yo#{xʉxThK2\z\նݵFO\Y^m\el%$\\>\*E˧4#S=*\Gyn\\\\0`?\Z\wQ\R4pWn\\g\\ ȍH.\8\(L\\r\\Mn\'	J7\"\*\yh*X&Vx%֭\;-R\K`\,\\'ˊ[R\\\R?ӯ\-fKl[[LclfGLgbxB\\J8\\Mi\J\,\sC@䣟\R}\V\P\J\J?\\\bOCoHuϓj\oH\ Ǯ{d\#\"x3F?FZQ\ \.56:\d]b=3߾;Fk\?\\\0\\薮zak¬ZOcp<\'Qbe6ϟS\\^i05Z\F\<\\ v\0\\\\\0\=\'NƎ\_=\\d^\0Q\\֙\0΢tkغue{\\\'s\'),('23121','Chavez','Finance',110,_binary '\\\0JFIF\0\0\0H\0H\0\0\\0Exif\0\0MM\0*\0\0\0\0\0\0\0\0\0\0\0\Z\0\0\0\0\0\0\0J\0\0\0\0\0\0\0R(\0\0\0\0\0\0\0i\0\0\0\0\0\0\0Z\0\0\0\0\0\0\0H\0\0\0\0\0\0H\0\0\0\0\0\0\0\0\0\0\0H\0\0\0\0\0\0\0H\0\0\0\0\\08Photoshop 3.0\08BIM\0\0\0\0\0\08BIM%\0\0\0\0\0\ُ\0\	\B~\ICC_PROFILE\0\0\0lcms0\0\0mntrRGB XYZ \\0\0\0\0\0\'acspAPPL\0\0\0\0\0\0\0\0\0\0\0\0\0\0\0\0\0\0\0\0\0\0\0\0\0\0\\0\0\0\0\0\-lcms\0\0\0\0\0\0\0\0\0\0\0\0\0\0\0\0\0\0\0\0\0\0\0\0\0\0\0\0\0\0\0\0\0\0\0\0\0\0\0\0\0\0\0\0\0\0\0desc\0\0\0\0\08cprt\0\0@\0\0\0Nwtpt\0\0\0\0\0chad\0\0\0\0\0,rXYZ\0\0\\0\0\0bXYZ\0\0\\0\0\0gXYZ\0\0\0\0\0rTRC\0\0\0\0\0 gTRC\0\0,\0\0\0 bTRC\0\0L\0\0\0 chrm\0\0l\0\0\0$mluc\0\0\0\0\0\0\0\0\0\0enUS\0\0\0\0\0\0\0s\0R\0G\0B\0 \0b\0u\0i\0l\0t\0-\0i\0n\0\0mluc\0\0\0\0\0\0\0\0\0\0enUS\0\0\02\0\0\0\0N\0o\0 \0c\0o\0p\0y\0r\0i\0g\0h\0t\0,\0 \0u\0s\0e\0 \0f\0r\0e\0e\0l\0y\0\0\0\0XYZ \0\0\0\0\0\0\\0\0\0\0\0\-sf32\0\0\0\0\0J\0\0\*\0\0\0\0\0\0\\0\0XYZ \0\0\0\0\0\0o\0\08\\0\0XYZ \0\0\0\0\0\0$\0\0\0\0XYZ \0\0\0\0\0\0b\0\0\0\0\para\0\0\0\0\0\0\0\0ff\0\0\0\0\rY\0\0\\0\0\n[para\0\0\0\0\0\0\0\0ff\0\0\0\0\rY\0\0\\0\0\n[para\0\0\0\0\0\0\0\0ff\0\0\0\0\rY\0\0\\0\0\n[chrm\0\0\0\0\0\0\0\0\0\\0\0T{\0\0L\\0\0\0\0&f\0\0\\\0\0H\0H\0\\0\0\0\0\0\0\0\0\0\0\0	\n\\0\0\0\0}\0!1AQa\"q2#BR\$3br	\n\Z%&\'()*456789:CDEFGHIJSTUVWXYZcdefghijstuvwxyz\\\\\\\\\\\\\\\\\\\\\\\\\\\\\\0\0\0\0\0\0\0\0	\n\\0\0\0w\0!1AQaq\"2B	#3Rbr\\n$4\%\Z&\'()*56789:CDEFGHIJSTUVWXYZcdefghijstuvwxyz\\\\\\\\\\\\\\\\\\\\\\\\\\\\\0C\0	\Z!\Z\"$\"$\\0C\\0\0	\\0\0\0?\0ކہ\nEk\\\&3c\[q\\0:P2EG㇍fm\eF~gȉx/\\0SڴJUD\-K\4>\KUUk\m2\_Os\|\4z73Ous)\\+v\\$W\\w^O\G\9e\kKx\ָ/\}\YrsW\B;\9kˣ:7\ζ+;9\\"4(q\\0#\BT\3\\nԿХK3ܴ[\-sJQ\\|RA}\y\­I3\h!\+\"\.8\\\)%5FgOm\Jٚ\2n\\FA\n9[~VݷjB\\j\0+\\\ղm\\\3\>\"\G\M\0\޷\0jM:+\"\:$E2\0\5ۆ]\zԜއxr\m%&\"[eh\U\]\;DA\ƢS:S5\4\keV_\\n\e\Y\ut\[ME;I\:\\ZҚ\(WV\iQ\\.ˢ\׶zuީ![x\0OO\0{\y8\\Kp\^\-\_\\\;W&HO՟/KD\ti\-X\)ʇR˜s\E)ʌ\c8׃L\\&\GV\\͜\\J\\\J\S\0b7\,X\O	>\03~4\\yRQJDv+R\VeX\$\=*GXr\\\hW)4\=̢\\9G{}G<\w@\\\ie\2\$u\Q\֡\tH\}kNn+\\Z=\cEU\r\\(lwB\'1%\[\r*\\\59 \?\5\xN\mwK\\C\ZQwNR3`o\[xCó]\\Q47GpvIH\w\W&\Z|N\0nH\##=+˖W\\x\t\\Zm\ԶC2m\\'\jt\,$\\C\\\\2\\Eo\ZHTP;\0\0;\R<پi6c\\׊ph\'\TYآ9Ұ\\\>.i2j\0Kh8\X͏\^Y\\փ\9)\;+\w\\\\$i!\cDn#8,X\0x\6\nx֛ۣf08 ޱoIm\qdY\&y#\\Di¢\\UR\vkK\\ḿ6e;[.3Ӝg5\\3蓪ȭ,!S<~UZ-eJz3\6?\ɨ\vY\\\\qF7LבĭkĖq\>\n$\\O#;G_q<<\r\FOG\gQkǵҖ_5\j6F\#q?Sן|6񎏤\Q{[I5\ao)d\u\\0\øm\J\3t\Ҩ\3\N\\|kw\D;~\rJ<i.&\\\;S\\\ng\_W<G\0\j	)\\wu\%\<7`\\l\l=\Pޯ?v#J)\\\Y[Nb[\\f\\'9$\O9=j\0V\CNɦJO\\n\\Ŭi2XR*\\\\0\0\\":\Ŷ⹇\\l\\0[:\r\q\M\0_\\~\|\`\\\\+LDM3M;c/?m\\0ok+n6]\\MioE\5-=\Z\\gY\"<q\u\}7K\0\rzzV`\$\\\[\xLMB.k9W\\\\U \0^#\0-t\N]ך>\𿍼1\ș-^TfKv\M\0j6\ʾ?\k\\\Zv;)Tr\\'),('44553','Peltier','Physics',56,_binary '\\\0JFIF\0\0\0H\0H\0\0\\0Exif\0\0MM\0*\0\0\0\0\0\0\0\0\0\0\0\Z\0\0\0\0\0\0\0J\0\0\0\0\0\0\0R(\0\0\0\0\0\0\0i\0\0\0\0\0\0\0Z\0\0\0\0\0\0\0H\0\0\0\0\0\0H\0\0\0\0\0\0\0\0\0\0\0H\0\0\0\0\0\0\0H\0\0\0\0\\08Photoshop 3.0\08BIM\0\0\0\0\0\08BIM%\0\0\0\0\0\ُ\0\	\B~\ICC_PROFILE\0\0\0lcms0\0\0mntrRGB XYZ \\0\0\0\0\0\'acspAPPL\0\0\0\0\0\0\0\0\0\0\0\0\0\0\0\0\0\0\0\0\0\0\0\0\0\0\\0\0\0\0\0\-lcms\0\0\0\0\0\0\0\0\0\0\0\0\0\0\0\0\0\0\0\0\0\0\0\0\0\0\0\0\0\0\0\0\0\0\0\0\0\0\0\0\0\0\0\0\0\0\0desc\0\0\0\0\08cprt\0\0@\0\0\0Nwtpt\0\0\0\0\0chad\0\0\0\0\0,rXYZ\0\0\\0\0\0bXYZ\0\0\\0\0\0gXYZ\0\0\0\0\0rTRC\0\0\0\0\0 gTRC\0\0,\0\0\0 bTRC\0\0L\0\0\0 chrm\0\0l\0\0\0$mluc\0\0\0\0\0\0\0\0\0\0enUS\0\0\0\0\0\0\0s\0R\0G\0B\0 \0b\0u\0i\0l\0t\0-\0i\0n\0\0mluc\0\0\0\0\0\0\0\0\0\0enUS\0\0\02\0\0\0\0N\0o\0 \0c\0o\0p\0y\0r\0i\0g\0h\0t\0,\0 \0u\0s\0e\0 \0f\0r\0e\0e\0l\0y\0\0\0\0XYZ \0\0\0\0\0\0\\0\0\0\0\0\-sf32\0\0\0\0\0J\0\0\*\0\0\0\0\0\0\\0\0XYZ \0\0\0\0\0\0o\0\08\\0\0XYZ \0\0\0\0\0\0$\0\0\0\0XYZ \0\0\0\0\0\0b\0\0\0\0\para\0\0\0\0\0\0\0\0ff\0\0\0\0\rY\0\0\\0\0\n[para\0\0\0\0\0\0\0\0ff\0\0\0\0\rY\0\0\\0\0\n[para\0\0\0\0\0\0\0\0ff\0\0\0\0\rY\0\0\\0\0\n[chrm\0\0\0\0\0\0\0\0\0\\0\0T{\0\0L\\0\0\0\0&f\0\0\\\0\0H\0H\0\\0\0\0\0\0\0\0\0\0\0\0	\n\\0\0\0\0}\0!1AQa\"q2#BR\$3br	\n\Z%&\'()*456789:CDEFGHIJSTUVWXYZcdefghijstuvwxyz\\\\\\\\\\\\\\\\\\\\\\\\\\\\\\0\0\0\0\0\0\0\0	\n\\0\0\0w\0!1AQaq\"2B	#3Rbr\\n$4\%\Z&\'()*56789:CDEFGHIJSTUVWXYZcdefghijstuvwxyz\\\\\\\\\\\\\\\\\\\\\\\\\\\\\0C\0	\Z!\Z\"$\"$\\0C\\0\0	\\0\0\0?\0ކہ\nEk\\\&3c\[q\\0:P2EG㇍fm\eF~gȉx/\\0SڴJUD\-K\4>\KUUk\m2\_Os\|\4z73Ous)\\+v\\$W\\w^O\G\9e\kKx\ָ/\}\YrsW\B;\9kˣ:7\ζ+;9\\"4(q\\0#\BT\3\\nԿХK3ܴ[\-sJQ\\|RA}\y\­I3\h!\+\"\.8\\\)%5FgOm\Jٚ\2n\\FA\n9[~VݷjB\\j\0+\\\ղm\\\3\>\"\G\M\0\޷\0jM:+\"\:$E2\0\5ۆ]\zԜއxr\m%&\"[eh\U\]\;DA\ƢS:S5\4\keV_\\n\e\Y\ut\[ME;I\:\\ZҚ\(WV\iQ\\.ˢ\׶zuީ![x\0OO\0{\y8\\Kp\^\-\_\\\;W&HO՟/KD\ti\-X\)ʇR˜s\E)ʌ\c8׃L\\&\GV\\͜\\J\\\J\S\0b7\,X\O	>\03~4\\yRQJDv+R\VeX\$\=*GXr\\\hW)4\=̢\\9G{}G<\w@\\\ie\2\$u\Q\֡\tH\}kNn+\\Z=\cEU\r\\(lwB\'1%\[\r*\\\59 \?\5\xN\mwK\\C\ZQwNR3`o\[xCó]\\Q47GpvIH\w\W&\Z|N\0nH\##=+˖W\\x\t\\Zm\ԶC2m\\'\jt\,$\\C\\\\2\\Eo\ZHTP;\0\0;\R<پi6c\\׊ph\'\TYآ9Ұ\\\>.i2j\0Kh8\X͏\^Y\\փ\9)\;+\w\\\\$i!\cDn#8,X\0x\6\nx֛ۣf08 ޱoIm\qdY\&y#\\Di¢\\UR\vkK\\ḿ6e;[.3Ӝg5\\3蓪ȭ,!S<~UZ-eJz3\6?\ɨ\vY\\\\qF7LבĭkĖq\>\n$\\O#;G_q<<\r\FOG\gQkǵҖ_5\j6F\#q?Sן|6񎏤\Q{[I5\ao)d\u\\0\øm\J\3t\Ҩ\3\N\\|kw\D;~\rJ<i.&\\\;S\\\ng\_W<G\0\j	)\\wu\%\<7`\\l\l=\Pޯ?v#J)\\\Y[Nb[\\f\\'9$\O9=j\0V\CNɦJO\\n\\Ŭi2XR*\\\\0\0\\":\Ŷ⹇\\l\\0[:\r\q\M\0_\\~\|\`\\\\+LDM3M;c/?m\\0ok+n6]\\MioE\5-=\Z\\gY\"<q\u\}7K\0\rzzV`\$\\\[\xLMB.k9W\\\\U \0^#\0-t\N]ך>\𿍼1\ș-^TfKv\M\0j6\ʾ?\k\\\Zv;)Tr\\'),('45678','Levy','Physics',46,_binary '\\\0JFIF\0\0\0H\0H\0\0\\0Exif\0\0MM\0*\0\0\0\0\0\0\0\0\0\0\0\Z\0\0\0\0\0\0\0J\0\0\0\0\0\0\0R(\0\0\0\0\0\0\0i\0\0\0\0\0\0\0Z\0\0\0\0\0\0\0H\0\0\0\0\0\0H\0\0\0\0\0\0\0\0\0\0\0\0\0\0\0\0\0\0H\0\0\0\0\0\0\0H\0\0\0\0\\08Photoshop 3.0\08BIM\0\0\0\0\0\08BIM%\0\0\0\0\0\ُ\0\	\B~\0\0H\0H\0\\0\0\0\0\0\0\0\0\0\0\0	\n\\0\0\0\0}\0!1AQa\"q2#BR\$3br	\n\Z%&\'()*456789:CDEFGHIJSTUVWXYZcdefghijstuvwxyz\\\\\\\\\\\\\\\\\\\\\\\\\\\\\\0\0\0\0\0\0\0\0	\n\\0\0\0w\0!1AQaq\"2B	#3Rbr\\n$4\%\Z&\'()*56789:CDEFGHIJSTUVWXYZcdefghijstuvwxyz\\\\\\\\\\\\\\\\\\\\\\\\\\\\\0C\0	\n\n			\n\n		\r\r\n\\0C	\\0\0	\\0\0\0?\0\n(\0VS\N@\>@\W3\\Tˑ\4X\J#\$>ui\CPt}(\0\n(\\n(\~x=A\\`K$\@\=\rG\y8x\w66Ȱh-2`<0\0E`\>^e\ZW\e8bE87k{$xk\ֶ[Ռ[\"H\ c+\l\\χb\\w\Ś\t\nޝz\&cM\NVg\b2\2\\\M(l\%v+[.ZS\w<\\\\\mRkQS%]\gy_7/\nyX\\Mk\\0\\R}юIc\XpB߶k\j\9tO8\we$r\!dIȧ\\k\2|\jk\Q\AΖ;-HpϱM\\>\\P\\j\0J\\P\w\}e\N\Zys3\w\s\ZX\*s+\_\\|\'w\=wok7\o}fL7\Qd\pa\|}T&KU\\\5CUZ\G\Ͽ|mj]0G|\rjCS\yx\'rc\\\\0+\oa>Ze\\Y\08m\ Kz\\\\GSrq_/K8RzZ\Bu9\\\\T>o\\\Z_7/휀譞3{W[X\7\\\</%|ɴ舉;\;\zV\Mዋ.\Ԝ\BxI*\r\\eGGa\\/O\\\o]\Z\\Ɓ-a7mg\\\\'3\u+\\\m\\S_	ƙĲ0pvGL\bg\UN\-e\T\c\(\t>4\r=\5r\RuV =\#k\TmpC#q\#񯯡f>(Nv2\rz[\r*E?\\yK\İn<=Vh\\Ԣw	8\E}e\6Y\DZT9\O$W$쟒\|C\b*r\\1\%67-#CK&._4?b\\4qD8Wg#s\=ﺴPN\!~\.z\P\\Lw[N\*\s\+\p\l\D[Zr\gݽ]\\'|2>v\\4\\滑\w\nrvd\\\\n\\:\rq\;\wt.\C{\9\\Cņ/Ru\JN\\	\q\ۻ\Zq\7\krZ&FH\!\28\\x\\Yhu߅Y\Z\y0\\)o\",\\37V\{ۧES9,=yެ6\\\\k\nN\^\\'=Fk3+G\8h\uΟ|G\4HKf\\\ \0c\Njc<4\\o;l\"ڥ/\|\O^49>s8u\ɨ\<أg\0lk\<s+\Euy>\m:	\0\=\I8|\/bZlϕ\\	ժ\U>tӥؑ\\\9$\\'O?e\/Zg[\wB̩	}k\x\\\rG\9?}\|gwy\\\#tn\\xU\-\\z}0Ez\~[j\ZE[k-\;#N\ID\\\g iN\<^\"ͱ\hZ4\\h\\\0>s\|m\0\>)N7Ŵ\\\ \'tJA\n\\Pj\Ú$\Z#2\\N\0\.$\'2H\\\bȬ\"\\U\ۿcuk\\\f\\n_r\\VPx랔\_<u\\\5.[jG\>)z-m\s_\r\^\\\n4.-B)UY7\r1י?\oxO\0!(ݟ\jxXb۽w\l\\\}\\0g\b5]j\\\\1*Gr~v\:um;DO_0_\0):qN\04\\Sqvj\\K\\\-.?Þ\=\'\6mKv\p۠\rB\ X\|4\0Oj\ZWřW\U\\k֍5kmcsKW\c\O\a\w_rJ 3gwĜߴ\\0\0\e/\%9E)%{\|5\L\4Ŭ.|\K۹\>2=p\^\?\-\\l\R|8\ߍǞz\\\Η\0]<;\0G\\6[tV&J\9\֝|+\\u}/i=\MO/	BMs[^jN\k&#-\,UrN0>\=\^\f\\ɤ\\<9\\a;F1Z(-\\,laƨ#{-N\P\S:\\F\T}\\n\2:g\'V	=~\ޞB\]NW8\~x\?I]d\h\qtm)J\\?\'),('54321','Williams','Comp. Sci.',54,_binary '\\\0JFIF\0\0\0H\0H\0\0\\0Exif\0\0MM\0*\0\0\0\0\0\0\0\0\0\0\0\Z\0\0\0\0\0\0\0J\0\0\0\0\0\0\0R(\0\0\0\0\0\0\0i\0\0\0\0\0\0\0Z\0\0\0\0\0\0\0H\0\0\0\0\0\0H\0\0\0\0\0\0\0\0\0\0\0H\0\0\0\0\0\0\0H\0\0\0\0\\08Photoshop 3.0\08BIM\0\0\0\0\0\08BIM%\0\0\0\0\0\ُ\0\	\B~\ICC_PROFILE\0\0\0lcms0\0\0mntrRGB XYZ \\0\0\0\0\Z\0(acspAPPL\0\0\0\0\0\0\0\0\0\0\0\0\0\0\0\0\0\0\0\0\0\0\0\0\0\0\\0\0\0\0\0\-lcms\0\0\0\0\0\0\0\0\0\0\0\0\0\0\0\0\0\0\0\0\0\0\0\0\0\0\0\0\0\0\0\0\0\0\0\0\0\0\0\0\0\0\0\0\0\0\0desc\0\0\0\0\08cprt\0\0@\0\0\0Nwtpt\0\0\0\0\0chad\0\0\0\0\0,rXYZ\0\0\\0\0\0bXYZ\0\0\\0\0\0gXYZ\0\0\0\0\0rTRC\0\0\0\0\0 gTRC\0\0,\0\0\0 bTRC\0\0L\0\0\0 chrm\0\0l\0\0\0$mluc\0\0\0\0\0\0\0\0\0\0enUS\0\0\0\0\0\0\0s\0R\0G\0B\0 \0b\0u\0i\0l\0t\0-\0i\0n\0\0mluc\0\0\0\0\0\0\0\0\0\0enUS\0\0\02\0\0\0\0N\0o\0 \0c\0o\0p\0y\0r\0i\0g\0h\0t\0,\0 \0u\0s\0e\0 \0f\0r\0e\0e\0l\0y\0\0\0\0XYZ \0\0\0\0\0\0\\0\0\0\0\0\-sf32\0\0\0\0\0J\0\0\*\0\0\0\0\0\0\\0\0XYZ \0\0\0\0\0\0o\0\08\\0\0XYZ \0\0\0\0\0\0$\0\0\0\0XYZ \0\0\0\0\0\0b\0\0\0\0\para\0\0\0\0\0\0\0\0ff\0\0\0\0\rY\0\0\\0\0\n[para\0\0\0\0\0\0\0\0ff\0\0\0\0\rY\0\0\\0\0\n[para\0\0\0\0\0\0\0\0ff\0\0\0\0\rY\0\0\\0\0\n[chrm\0\0\0\0\0\0\0\0\0\\0\0T{\0\0L\\0\0\0\0&f\0\0\\\0\0H\0H\0\\0\0\0\0\0\0\0\0\0\0\0	\n\\0\0\0\0}\0!1AQa\"q2#BR\$3br	\n\Z%&\'()*456789:CDEFGHIJSTUVWXYZcdefghijstuvwxyz\\\\\\\\\\\\\\\\\\\\\\\\\\\\\\0\0\0\0\0\0\0\0	\n\\0\0\0w\0!1AQaq\"2B	#3Rbr\\n$4\%\Z&\'()*56789:CDEFGHIJSTUVWXYZcdefghijstuvwxyz\\\\\\\\\\\\\\\\\\\\\\\\\\\\\0C\0		\n\r\Z\Z $.\' \",#(7),01444\'9=82<.342\\0C			\r\r2!!22222222222222222222222222222222222222222222222222\\0\0	\\0\0\0?\0\\'V,n\\-..\"\6ݴ+`\=\[\Z]$f\)dF{\\/bxs\q\M\+\\ayl\pJ*;\Dy\>x2}˗!{޵Q|ZP\ݪX̒,֩\"\7+\]K[nϗ3B\'\kD\]H\\\rO̵H8V2\nr98\=F׌4\\\#9\b^i\;K\\\\\p_`럼8\#K׮\\KK)nmH\\\X{d\0*\\\U\%ad\i#<`ANF>\\G$!UnG<8\;\BOx\v`3`\j\<\+x\J\"ew6$ޫ\\	@\\V$*\Z5rwǱ\\;Ptyk\'\W\0ϧOֹT\Z]\Ƿ²\rXT;H\\\\ \0$\\Gnm\\ryϹeq\#9M8\.\>\Dm$޾\]Ŏg.3\Jv\\,#\X\0V\\\^9+\'B>SX`Ү\&\\l7\n\q\\rvzG][M\`%+\\zΥ\v.\Zʹۨ\\B\\˥:\ww\^yo,\	p	ϨCqg\qψuO hQpF\>\Z\kXu׻\o\rE\\MJܑ\\\\:LH\\Zjn)\;r@<}+mNy\\6qܒ~\\>A\`0\Oʧ\\r\?\\e7Ur\0\~ҭ\v\A0JS\}+6\+Dvm\rG\yhAA\\092K9*H\G\H(3l\AK[\\Tha`\:c\\5\h\PAJRy\bOJ\8[cX\/sMK\\OTP9\A\ǥa$\$|\n\2Ix\\Nodkꙻ!H%?ɴ=\_\zD\\'(BU\\\gj[~\\\cH`[2\\\'\'\\\\_\f\*Te\0\ZRM+\]w\"^/3\\05E\pcn6Q\nm\Tsz,K\r\ 6#frY\s\0]JN\\")\.c\\FfFR\\'#ip=\F6ܮT\ɑ,t%\n\\\\j\0\\޹,F!\+.\\MM+_ʉ1rq\==k΅\qZVF\N\0#\'VMeHȡI`\:j\b>V@떭M/ysz)k\y6Br瑓\\\\\XrEo[-8\r(b)]jz&H1ڹ\ȯ;{\˷<\<\n\S4ܳGY\\\\V)ss2\\0<:s\^c3\ \4\\@wq!<a\H\aF`\`\\\fS2{\\d\,Ⓣ\MuWIUnWneKF\'~&\E\\\0\,@bf=~^35\\޼s9\\00?a[\"\Wh\\n\\'<U+?\Wԭ4[g*܂v%\\6O\\I\A\ 𝷅U6s\Xє;\\=j\B\n\T?욱\:׌7{ꖖPIoq{h,\al~\	1o\Z\pRM\\We\\zƹks4+\rBc%\"_mF\\s\Mp7\+%>h=|\\Z{zo\݅A5m+\\7\]$@6\\+3D\0G\\069E\'h9٧\\{Ӧ\0X\?ν\n%较I\\P*%e\G\\5I>\\0b\fܨ\'),('55739','Sanchez','Music',38,_binary '\\\0JFIF\0\0\0H\0H\0\0\\0Exif\0\0MM\0*\0\0\0\0\0\0\0\0\0\0\0\Z\0\0\0\0\0\0\0J\0\0\0\0\0\0\0R(\0\0\0\0\0\0\0i\0\0\0\0\0\0\0Z\0\0\0\0\0\0\0H\0\0\0\0\0\0H\0\0\0\0\0\0\0\0\0\0\0\0\0\0\0\0\0\0H\0\0\0\0\0\0\0H\0\0\0\0\\08Photoshop 3.0\08BIM\0\0\0\0\0\08BIM%\0\0\0\0\0\ُ\0\	\B~\0\0H\0H\0\\0\0\0\0\0\0\0\0\0\0\0	\n\\0\0\0\0}\0!1AQa\"q2#BR\$3br	\n\Z%&\'()*456789:CDEFGHIJSTUVWXYZcdefghijstuvwxyz\\\\\\\\\\\\\\\\\\\\\\\\\\\\\\0\0\0\0\0\0\0\0	\n\\0\0\0w\0!1AQaq\"2B	#3Rbr\\n$4\%\Z&\'()*56789:CDEFGHIJSTUVWXYZcdefghijstuvwxyz\\\\\\\\\\\\\\\\\\\\\\\\\\\\\0C\0		\n\r	\n\n\r	\r\\0C		\\0\0	\\0\0\0?\0\Ҵ1#\\\rHG>^0\V\\s~9И[<\U1\LD\+f0>n3]\Y|8fK[h7|[L\4\Gp\jY\\0ճ}lT8DU\gȾ1\osx\f\f?=\\IX^\Aq\~\\lo|P\'w,B#,y\\`\\\ۏ\>;˲\k$׫I\V;EWħg\E/\>7\hMKUvm\6!\\q\+\\04-?\B-\\\@s=͂ĝ\n\\\/}:\׏7\mk?G\a%l2\\\\L<P/\1}\\-H9>\Z>!:[*X]c\X<\\0CpAW\ZQ\_\\FX\0ٴ\\<Y\F\m\ZK\P\3n1ɴLuʓ\w\\:\VMoqݮxFbJ\\\N r\\\q\r\Zu0\\ו\0@q\^Ϧ\ɮ|5\-q\0fX2	*HH\\'\\\c2\D\zc\SF\V\\&\1\SMY\y\\\\1W?C\0(\ڿw\bdѧ\={\~ \\Wn\\0|\'&}F\0\q\?\&\푷\Z0E%\_\(\^\\< |g\\nxivygŚ^9f\\o#lz\\\_\\rNU%fӶ>\\\#\\\1^07\o]K\t}O\?,,\\;V.Qv2 \0\c\W\\\\0x\"ťh\4kfaqpn<s\X$\aNH͐\\u\0\0>^ڜ#M\'Nߓ\\\[MKY\$X\G~>!\*\b3G\L\jJ\\8\'\U\{/ie\\4\\5\|@𑸙?\&Ү\0ݗ\\_x\\\\J\.cc+9\rB\sr}+\VEMT{\0\?\gv)\Ҝ5X\.\\0hՒ\\\\\Z7\cξ\rk S\tf\0]I\ZG\"$,\\\0b\nNxӸk1\*S\\\[>#\V\zZYk\v_ucx0\\\\\ VB\nE+E\\\\}+ಚ\\\\\\\K]3ų|\\ɑc\RA\ \\Ύ\"*TdWc\\rTX\n>\\!x@	$˰g\iv\{\},O59Sg\\0̂2zcq\0֓ʃ-\*\=e\*\9\\5excp8E\W\=Z\,m5v[@\\0tO\\f|4\\Ui\ 	\C\>w\R\\}>(_N\\\r\w\\\0w\]\<\~,&wxNs}鶭6<%\%a39#\9\\>\rߌ|9h5\?\Uip%S\\9$Bkpc\\?B\Zlڋ\\\\O\\T\Op}V\\R\\:֙\\4&T̹\sF\y\OA\\/V|mNE\\\LSIl`nt0lY\JX\\\\0\t~^xV{[Am*\*\ӱ\cd݇u}.\YԼ[\I\m\4P\nYn\\'5\'S\ooPRF\O\5?Ş\0ka;dQ2\\I״meot\,,+4d\p}\1\\_M\1M\?8\#\E\]\=\'Fh\Iv\3f\nG\\n_nۻz\f)>~y޲<\\Xѽ\s.m,sj\od\E\ʎO_]7;cp;yҰ\KY\ y\־h𿊌M2ο*a\o\\RwHTo\\3ǭ|\,K(噛\0}k\q9m<xUFJ6g\Dׂ?Xx\ǆ:\\ɏ˶h\\\"F3d\XW\caʴ\Q[\qҡ&\\>\/	x\[M3Lԣ/?	\$w\\Jw\\?\\Ao\k}U\\"\wQ)l}+S\'W\\覢q\\up3\\'\\\|7m\\\\>$7Qjx\e\R2F9\'!\r|S\/%\\;U\n\\<-Z7ymW+{5VzG~\"hojs>\0|ax\}p\0)\;а\\4[vg\u\0\Wd}PJg\Y\C0	%?|u{Mw-t	,,6\b\}Hݒ\r\dՏ4e\\g\T/*UU9A\G\\nY\\zW\\\O{\!E9ʏ\\\\\0+\\vA_eKג(D\\ƙ\\n4\¢]Sk_\8(dDck\돎Zn[\i\̌\0#^\j\\c\\mFZG\h\\\0,Ϻ!3S+\5o\*\4\qxzƓIw\|,Շ5H\\\<g\Mo0^jg~\\A\\r\?\\_[wRm{xJ*\\\0\eg\oW[=\t\\%m\#<\?G\0\nQ\0`t\0э_g5\֭\7>8|\ks;\\'\\;&8sk{\C#\\"6?\Q=I\K\0`;?_c-RZ\\f__.]G\sZ+:\%ϖ\~1W\?\\\\V\faԢR\\8\k9\	yܙO\^\\'5\ZMÜygʙ\\0\Ӽ+e\\\6wz%#jpz1k\\=+A\0C\\Z\0襢t)ocvcVT\h\\\/\A>\\mN\$_* }~i\^3l\0\f_\0GW\eta\\\Q_Zr\'),('70557','Snow','Physics',56,_binary '\\\0JFIF\0\0\0H\0H\0\0\\0Exif\0\0MM\0*\0\0\0\0\0\0\0\0\0\0\0\Z\0\0\0\0\0\0\0J\0\0\0\0\0\0\0R(\0\0\0\0\0\0\0i\0\0\0\0\0\0\0Z\0\0\0\0\0\0\0H\0\0\0\0\0\0H\0\0\0\0\0\0\0\0\0\0\0\0\0\0\0\0\0\0H\0\0\0\0\0\0\0H\0\0\0\0\\08Photoshop 3.0\08BIM\0\0\0\0\0\08BIM%\0\0\0\0\0\ُ\0\	\B~\0\0H\0H\0\\0\0\0\0\0\0\0\0\0\0\0	\n\\0\0\0\0}\0!1AQa\"q2#BR\$3br	\n\Z%&\'()*456789:CDEFGHIJSTUVWXYZcdefghijstuvwxyz\\\\\\\\\\\\\\\\\\\\\\\\\\\\\\0\0\0\0\0\0\0\0	\n\\0\0\0w\0!1AQaq\"2B	#3Rbr\\n$4\%\Z&\'()*56789:CDEFGHIJSTUVWXYZcdefghijstuvwxyz\\\\\\\\\\\\\\\\\\\\\\\\\\\\\0C\0	\n\n			\n\n		\r\r\n\\0C	\\0\0	\\0\0\0?\0N8ZӲ\|)Hk0j\@) Ҹ|#\pk\"\s{/\\,\"VI$5\\ݺ\0N]5LC妮\nk\g\\n#qu$VX\z0\=)\|T0>/E\-n&(,\\MdgȚ\(\>٣#-2\Q\Yayt?=\C>k~\-4U\2_F\ dcp$jq\jA~:<G;֓\G\	G\rC\iV\ݖ\\[^\\'X\QdV*a\p\ԣuh<Uk\t\[\[\0׽\\\0&wofuF\ej3/\Z_ko\~+T,+]J\\\G4\\\`W\\\\rieqtO\"rH\⦋\\\g\9_3\\%׼Oh\e\\K-ċP{\[7W7i/x6\ˏM\.]iJ\0IG\\%B4ѯ\CS\$տxsFz\sj\r\\+\\\PZv\\\\\>L7`Wؚ??\O\hi	o2a\~z&iOq2^>L\\'۵\`{\\(9\3\\\[٭\0d\ޔ3z\\sF<\KC\\'w\I|c<\rMIީ6m\L\=\0\\\7	\0\\3֬R8\kv =v:\\YD?@\ RB\ \\Ob&u#)\\ys|\\94K\59\\RZ?\ٺUkis_6\\.1Ua8\MS\\\j\sj\guokni\̷IX\-\GLq^\Z\-WVfVлyv3\rc\\uVUL<a7COq}\?\\0~j,g\O\\0KG\'?\^a.7}E-\rɛ.~Rrpw9\'/jeG\r+YӋ\F\I5\=\\\0>j\[Q\\"GBRq\\\\W{#\xcW\cX\n\}G~\w<G\z\:\rj*-\rC\Ak1O\P\M̰zrK9\M𿀴\rྰ	$IC)I6vuPGG\&XB^\K\Fuw5#\\tx{U+\«Nd\"\޼\O\[\Sx_\\Z6qW\Z\\)L\NXU#\\\&P\\\\\0>OLU[x:\\M)ݐ~\U\\\\\\\0\5\1\|\_o7e\\\Co\߆\0\CKnTa\"?+4)t(\\R0G\U$mF-\|K;9A\\;\[*1ZK\>\"\&y\\rA)~T`߸ȭ\\c\0stУ\\]j2[\f\|9VCe\c*\H7fX\VT\\\\ץgVR\K\=B!xMuymm@\\@\qRaM*݌\\G=ϔd\qΝϬN\G>+2\ \\a\\0xO~#kJLu++i\\"\\H۵\\ԁ޻h\揺xjZ-\}q5\fwt%\n\X\\ \,W\\f\\֥l|\ʜ%F\C=B飂Fⳛ<\\\\MV?yd\0yH\j\\\S=l\K#\y.\\\\zO~\т\2<enJ|WK\fP3ڧ䌞^[\\?뤟\+\T╏\\iJt#\f-\O!\\\+\rI2\\0t+{o\\9]:Fv\\n޴qr\<Zܱ\0S/\\\C-c\\\\o\JI\#\0w=sU\0_\0Vʔ7j硇O\KWr\0MCPjli.ɝBGa}z}WM\0{\0\ڷ\\U\\{\>!\i=\~ʀ\l\\ރs^m\0Ǵ_Vscr-y9N:\sޟY\Z\\]ZER;\\+\ܓO5\\Vv>;2\CWg\'),('76543','Brown','Comp. Sci.',58,_binary '\\\0JFIF\0\0\0H\0H\0\0\\0Exif\0\0MM\0*\0\0\0\0\0\0\0\0\0\0\0\Z\0\0\0\0\0\0\0J\0\0\0\0\0\0\0R(\0\0\0\0\0\0\0i\0\0\0\0\0\0\0Z\0\0\0\0\0\0\0H\0\0\0\0\0\0H\0\0\0\0\0\0\0\0\0\0\0\0\0\0\0\0\0\0H\0\0\0\0\0\0\0H\0\0\0\0\\08Photoshop 3.0\08BIM\0\0\0\0\0\08BIM%\0\0\0\0\0\ُ\0\	\B~\0\0H\0H\0\\0\0\0\0\0\0\0\0\0\0\0	\n\\0\0\0\0}\0!1AQa\"q2#BR\$3br	\n\Z%&\'()*456789:CDEFGHIJSTUVWXYZcdefghijstuvwxyz\\\\\\\\\\\\\\\\\\\\\\\\\\\\\\0\0\0\0\0\0\0\0	\n\\0\0\0w\0!1AQaq\"2B	#3Rbr\\n$4\%\Z&\'()*56789:CDEFGHIJSTUVWXYZcdefghijstuvwxyz\\\\\\\\\\\\\\\\\\\\\\\\\\\\\0C\0	\n\n			\n\n		\r\r\n\\0C	\\0\0	\\0\0\0?\0\Z\d6FrSi\\ZPv=kOS\V\j<\QH-\\s;\\G`\qEۛ(\6+`$%\n-Z\\e0)o.\-i\ǩ^*}-\wlҾ&*\Vŕ\2\[Y	$\8\\r\\\=I$\nh~>ԡK\EWOBU\\\NVe9\8\]\\\b\\X,\\\24<I⿇!7Z\\Rˉ&\\b&fڻ\Bq\e\5K=@GY\+q\D\\\`\<\nן%qh?\r\\r؁HY$\ /\Uv\0~5h5\X|Oop5kYP\$Y\\䎀\y\leL,EHն\8$\?u\uQUg4JNO\\/\\_+ɾ$\\as^.2ܥ\\VK/\r\c ,><|ZH@U8韘\(\Y*dt:\\emmOO\\\\\\\?&VBB9ĺ}ivyӚb\\K_\xT:N=\s\XT=q[:`֫X/}\v!A=\J!\\ɍ\~\?#\\\/m\ۼM<̹i$=N\+ټ5y?K[\\Q\_jPב^}Zϥ\\riXV\2z|O񎙨iSjq0{\5\\\\c<\\^\U$MC\,>EN\\mB\{/N$Np\0ӌg-Qj+c\u>$V\hX\8<#^٧xz\\6Gf.0\\Ȍ}\nz\NZ{2]g\}5~9[-rygM;Ā)0A`\Ez?\-᥻\0\e]UV\y=\\`7\km\\U%\T5\rG\\oK6v\\j>\O\\M\\s-\\\X̲Cs\<\n%85#N\ZRS}\n*KCݳjn\\ǖ\B\1*kdHw\c\xGվ\\_m>vKojU\e~\\(B\/izjJnD.\F\0\\l	\\\\O:V(\گΧ\1޺h^$ӵMAM}ÉF\8?%[k\/ˎzn\o\F\_\24\\\GjPIAlցd\\tWh?|[w]\J\\dC9\7\\5*\"68̓\/\\\"\[\7k\y\\\*xVYe\\\5I\R\;\9=\泧VT_/\m4\e\[X>Ӟ\K<(8\Ҿ~/si-\tjp[̺r\m\\!cԨ\x)\顝<b\Кd\C\b4\r\+\ \\\SI\\0A\KYՁc\\cJi0\\RJG~\\\'R\Z]*l06{s\?\{K\~\r\-ΨV&.~\=O	8bT\\zr֧ϠԻk\>~\\\\d>q*;LP\x7{\N{Mn\9ev\0C\n\\0<\Ҳ|,_Im~\\d\AQ\Ҽ\uMt91W揩\1\\\u֝\"A4_\̋\\\|\//-af&8\\\@ݏQ]r\t{S:PO߂|a\-\Qj\\* \ne|pd\\#8\\[*\æTԧV1\5\%(/t҆5\&{W\mSP;W\\<\o\\ZmܲG#V\F3\{VN:j\ҍ|J\oQ%\ܻ5\\m.:W+\\\6\\Kr\K.X\+I\\c΃VwGlį\\\r$R\\lr˴`\\񯠼ÿ<)u\f\[KxɒT\\O<(My\諶z԰vj\"VH4\\rM\\le`z\\Y?\'_x\\Р{l6l$\8\N)kUYf\\0#\]\Y\Py\)\?t\Z>.\̏\\\\n\?1^7{\\m5hϙ5@\z9P\0g\Z\\EK\&-=HI]\\5GMi4-O]\Vw\\ra˽겿s\\5\rơ\,p_Geؚ$U¸9\2\\0b\+W\0\ᯢ\\TGsWl[ҿe]6\Ğ#\/o\r@\!\+\-KB}xuWSޡ-Z8\\e\\u\\<\\.\K\Y?\\0_v0V88}rV\k\\9RJ\m׫|\\\\\|3L	e\z/E\8\0x:.\n8\G\ⱕI^\R\P>^\ji{\0]6F7\qo\qi\0\>\\.\\'),('76653','Aoi','Elec. Eng.',60,_binary '\\\0JFIF\0\0\0H\0H\0\0\\0Exif\0\0MM\0*\0\0\0\0\0\0\0\0\0\0\0\Z\0\0\0\0\0\0\0J\0\0\0\0\0\0\0R(\0\0\0\0\0\0\0i\0\0\0\0\0\0\0Z\0\0\0\0\0\0\0H\0\0\0\0\0\0H\0\0\0\0\0\0\0\0\0\0\0H\0\0\0\0\0\0\0H\0\0\0\0\\08Photoshop 3.0\08BIM\0\0\0\0\0\08BIM%\0\0\0\0\0\ُ\0\	\B~\ICC_PROFILE\0\0\0lcms0\0\0mntrRGB XYZ \\0\0\0\0\02acspAPPL\0\0\0\0\0\0\0\0\0\0\0\0\0\0\0\0\0\0\0\0\0\0\0\0\0\0\\0\0\0\0\0\-lcms\0\0\0\0\0\0\0\0\0\0\0\0\0\0\0\0\0\0\0\0\0\0\0\0\0\0\0\0\0\0\0\0\0\0\0\0\0\0\0\0\0\0\0\0\0\0\0desc\0\0\0\0\08cprt\0\0@\0\0\0Nwtpt\0\0\0\0\0chad\0\0\0\0\0,rXYZ\0\0\\0\0\0bXYZ\0\0\\0\0\0gXYZ\0\0\0\0\0rTRC\0\0\0\0\0 gTRC\0\0,\0\0\0 bTRC\0\0L\0\0\0 chrm\0\0l\0\0\0$mluc\0\0\0\0\0\0\0\0\0\0enUS\0\0\0\0\0\0\0s\0R\0G\0B\0 \0b\0u\0i\0l\0t\0-\0i\0n\0\0mluc\0\0\0\0\0\0\0\0\0\0enUS\0\0\02\0\0\0\0N\0o\0 \0c\0o\0p\0y\0r\0i\0g\0h\0t\0,\0 \0u\0s\0e\0 \0f\0r\0e\0e\0l\0y\0\0\0\0XYZ \0\0\0\0\0\0\\0\0\0\0\0\-sf32\0\0\0\0\0J\0\0\*\0\0\0\0\0\0\\0\0XYZ \0\0\0\0\0\0o\0\08\\0\0XYZ \0\0\0\0\0\0$\0\0\0\0XYZ \0\0\0\0\0\0b\0\0\0\0\para\0\0\0\0\0\0\0\0ff\0\0\0\0\rY\0\0\\0\0\n[para\0\0\0\0\0\0\0\0ff\0\0\0\0\rY\0\0\\0\0\n[para\0\0\0\0\0\0\0\0ff\0\0\0\0\rY\0\0\\0\0\n[chrm\0\0\0\0\0\0\0\0\0\\0\0T{\0\0L\\0\0\0\0&f\0\0\\\0\0H\0H\0\\0\0\0\0\0\0\0\0\0\0\0	\n\\0\0\0\0}\0!1AQa\"q2#BR\$3br	\n\Z%&\'()*456789:CDEFGHIJSTUVWXYZcdefghijstuvwxyz\\\\\\\\\\\\\\\\\\\\\\\\\\\\\\0\0\0\0\0\0\0\0	\n\\0\0\0w\0!1AQaq\"2B	#3Rbr\\n$4\%\Z&\'()*56789:CDEFGHIJSTUVWXYZcdefghijstuvwxyz\\\\\\\\\\\\\\\\\\\\\\\\\\\\\0C\0	\Z!\Z\"$\"$\\0C\\0\0	\\0\0\0?\0.[\\\\ k{e\rЫ`,\r(\\i\\AlpG>\\\kK\Ne5jXlԖ\\8#t\zd\\\ZƝ\Ϳ~җ\Z/]#L\\Vr\\p0q\0\_.]Co⚹V>\?k\rFXUlOde<܍zc<\ZK=	\0\#ӷYv?Cv\<ht\*\YH\U,;z`w\|\YO^w,it F\p{\\9\'(\LW+\#\,\f\'r8\֪3Vzk-\5@?iBpEW0X\\s^)C#yOp)]\\cn;\"e\$\ƠᏋQU\\\ckG^\y߼\tV~74Q6̤p0A4\02ՒGR֭\]KY\]P1\rAtE\T}Y\է\Q\yKJ6=\w\0\',%\.%AuIQ;\\0ןՒG\}m-\\:zo%|\\4;\\_\\5\\\$}I<W\%)4zǆ<;\rtChȪ:G?jOm\\!n׊\\+b=GºW-ݭ\q\"a\T6\c-K\3A\t9\+\zu)\	\\OgNNW\?\0\aB\<+#\\ZX\D\ї6<\;Bj#m\,CZ\0t\\\0x\mWQt>d\"x\u%W>~\?\\㶌̩spU-L\\"H\\J\w2\0y`Qvs\7\"iٚG7(\Zb\08\漚}S(%>E>q\\\	3w\/K]?VV\s\\#m,H\\n\źei\YZ\\'\}3ۯZª՚6R	sEΈ4g[v[hdh!\/r?pKF\` 7.Ċ#<\+t\\P\:|ۛ6> U\(,T#\"4<$q\U\t4\22M}N\p~z\C2oܝr\Z\\ʜ\1\\2j\\^k\\\YIw\spp3]\5GȚ\/|AӛHӴxpgާ\_\X1-Ŭm*ʹ\#ث`\WB\&\G~4[h\Ӯm\\b;NGt\\w:e\\\ʡ~HH\V]\\K\K\D\3 ^\z4b틹m\\CҖ\\\\FF\nT\\ҙik\\2\բ%	\x$\\N5%4KN7Dd\\rr1kgץ5k\uϛ+\u27[e\D3G\\0^G06L&*,N\)j\M\GD\00\0\	\s\sq^\I\ۺN\:s\\hs\uR\\\r3\ [9GWF\\\\\\F?1\'\n¸8Z/V+x\$VIKEqz|JL\9\nxQ\t\f5e\G+mܟ$\RR\\"\^*8er\\[U\0^}\xS@Uw1iW\r\"\\a\\TI*\NƣՉ\	V%X6!XW4n\"P?ӞK{kt\Hf@\\u\\ʰZ#Yh/\.V\U|$\ɬ\G>\?\\0٫U,ֶk_^\0Z\Jh:\Z\\%\ڋG\\\˞Ms&He,FힻGZ\LDG\$c\\9OQT\b\rHJ\UɃ\\g\'\0\[\0f9\rXnVMbpm\?\\\\[nƍ^\'\'),('98765','Bourikas','Elec. Eng.',98,_binary '\\\0JFIF\0\0\0H\0H\0\0\\0Exif\0\0MM\0*\0\0\0\0\0\0\0\0\0\0\0\Z\0\0\0\0\0\0\0J\0\0\0\0\0\0\0R(\0\0\0\0\0\0\0i\0\0\0\0\0\0\0Z\0\0\0\0\0\0\0H\0\0\0\0\0\0H\0\0\0\0\0\0\0\0\0\0\0H\0\0\0\0\0\0\0H\0\0\0\0\\08Photoshop 3.0\08BIM\0\0\0\0\0\08BIM%\0\0\0\0\0\ُ\0\	\B~\ICC_PROFILE\0\0\0lcms0\0\0mntrRGB XYZ \\0\0\0\0#\0 acspAPPL\0\0\0\0\0\0\0\0\0\0\0\0\0\0\0\0\0\0\0\0\0\0\0\0\0\0\\0\0\0\0\0\-lcms\0\0\0\0\0\0\0\0\0\0\0\0\0\0\0\0\0\0\0\0\0\0\0\0\0\0\0\0\0\0\0\0\0\0\0\0\0\0\0\0\0\0\0\0\0\0\0desc\0\0\0\0\08cprt\0\0@\0\0\0Nwtpt\0\0\0\0\0chad\0\0\0\0\0,rXYZ\0\0\\0\0\0bXYZ\0\0\\0\0\0gXYZ\0\0\0\0\0rTRC\0\0\0\0\0 gTRC\0\0,\0\0\0 bTRC\0\0L\0\0\0 chrm\0\0l\0\0\0$mluc\0\0\0\0\0\0\0\0\0\0enUS\0\0\0\0\0\0\0s\0R\0G\0B\0 \0b\0u\0i\0l\0t\0-\0i\0n\0\0mluc\0\0\0\0\0\0\0\0\0\0enUS\0\0\02\0\0\0\0N\0o\0 \0c\0o\0p\0y\0r\0i\0g\0h\0t\0,\0 \0u\0s\0e\0 \0f\0r\0e\0e\0l\0y\0\0\0\0XYZ \0\0\0\0\0\0\\0\0\0\0\0\-sf32\0\0\0\0\0J\0\0\*\0\0\0\0\0\0\\0\0XYZ \0\0\0\0\0\0o\0\08\\0\0XYZ \0\0\0\0\0\0$\0\0\0\0XYZ \0\0\0\0\0\0b\0\0\0\0\para\0\0\0\0\0\0\0\0ff\0\0\0\0\rY\0\0\\0\0\n[para\0\0\0\0\0\0\0\0ff\0\0\0\0\rY\0\0\\0\0\n[para\0\0\0\0\0\0\0\0ff\0\0\0\0\rY\0\0\\0\0\n[chrm\0\0\0\0\0\0\0\0\0\\0\0T{\0\0L\\0\0\0\0&f\0\0\\\0\0H\0H\0\\0\0\0\0\0\0\0\0\0\0\0	\n\\0\0\0\0}\0!1AQa\"q2#BR\$3br	\n\Z%&\'()*456789:CDEFGHIJSTUVWXYZcdefghijstuvwxyz\\\\\\\\\\\\\\\\\\\\\\\\\\\\\\0\0\0\0\0\0\0\0	\n\\0\0\0w\0!1AQaq\"2B	#3Rbr\\n$4\%\Z&\'()*56789:CDEFGHIJSTUVWXYZcdefghijstuvwxyz\\\\\\\\\\\\\\\\\\\\\\\\\\\\\0C\0	\Z!\Z\"$\"$\\0C\\0\0	\\0\0\0?\0\\?uʲ\o=\d\Z;}v\\\Or\ZX\\ʈUT\q\\⇏l<7b2]\\ˮ_\Dv\\Gs1\\I\ri\Z)h|D\\-kU/\rH\Ӏz\v W˞3yg0\\\I3H\}\c\Iɦ#J\\Ԟ[.xh0=\\y\\\Ηse\"\D\Yz\\Vmm3\/|UsH\-#z+\\\V:}+@&H\\m\h>\M\\\^?0\h\.\֡x\f\^$\0Orc5H%Y\Y+\Y1\v+P{vCo\\'s 5W^\t\9Z:O|\Ym\$GKB?\eRU\\\\4\G\K\\[\,aO~Kʺ\$^<mÕX\0Ϛ\m#\\r\\L>Df0\d\\R&mm\\\\\ZX\'y?\\SYkd\"U\+k9Ϸ^\u9z湹\-=%\noWÞҬ\YDt<s\{xJ\\\d\H\1\`1MB\\ʤG5\\ß\mw}\\\&\0avg\Tc\\]ׄ\\\,(g\q\<D\=\rשNo\?L\zE\\Hh[q+KRӣ\\CE\"a\M\p\\mSR}C\\,7\* \'?zޥON\\P\	 *>O1k\}O\\\W}tg\E8\n,U`ҟ\CZ;gMFl\adH:\0U\\#I?\jvoq\6>\{nN]S\Ul\\\\\|Ju>}Y\\1#fy\\3+ص\M\4<Q}=MDcYj֧)\M\\Z\-\&\Zټ]\\ֶ \Vr\\X92\\;\EgYE5bJRnM=KÞ\'\\ƨTFN~x;q@\9R\qr\8 \E/l\ʍA?y>x\CH\[\\Z\G\l@ſJ\|fa\F\BkZt\i:&0gL\\ҝ&1]g},BqA\hǽ~}B[\ocnlcea؞L\Z\Xi}%rg\[8\\'x\\Z_PY\A	q\@6\\\PUC\x0,Oe#\W\\5]L\:\z\r\޻D\ЖL\\/\s\W.*J\s\6\\\\'\\\T%\`\n8*e\/\\\\VНf\Op+Ε\\A#6 :\XḌsr9\^lL>17GP\q\\qC}\ӫO\/xFMV\&TbZD`=\T\\oխg\F<*?e\¤>j\H\<\"FՉ\'׃Uּc\\Z|Y{a\rY\ƎDa\\u\н\\\TW>ǟ)	=j\\3\+m>vנ{3\V\(WIQj:|\7x\>Z\\\rs\/v&V\Ƞ\\u㩮6\B\\U\\mS:\iKO+	$s)\\\9\-[\0]\l>6\PvM6.\e\w\\ǡj\0\07\0\\Z\RX5.f\%n\2\S\\\\&\`C#\A\Er^\0A\0\n;JǴ\sV\Y3ǧڜ\\\\*Y\cs6Jχ]a&\rk\i=͌\\Z\\09	\\?\t\0x*T 7S\\+\6ٙV\Fey#eSʶ2I\\*\{Iν[\3u5+[\\f1,#}\ʱb}WU\lV?\'),('98988','Tanaka','Biology',120,_binary '\\\0JFIF\0\0\0H\0H\0\0\\0Exif\0\0MM\0*\0\0\0\0\0\0\0\0\0\0\0\Z\0\0\0\0\0\0\0J\0\0\0\0\0\0\0R(\0\0\0\0\0\0\0i\0\0\0\0\0\0\0Z\0\0\0\0\0\0\0H\0\0\0\0\0\0H\0\0\0\0\0\0\0\0\0\0\0H\0\0\0\0\0\0\0H\0\0\0\0\\08Photoshop 3.0\08BIM\0\0\0\0\0\08BIM%\0\0\0\0\0\ُ\0\	\B~\ICC_PROFILE\0\0\0lcms0\0\0mntrRGB XYZ \\0\0\0\0!\0acspAPPL\0\0\0\0\0\0\0\0\0\0\0\0\0\0\0\0\0\0\0\0\0\0\0\0\0\0\\0\0\0\0\0\-lcms\0\0\0\0\0\0\0\0\0\0\0\0\0\0\0\0\0\0\0\0\0\0\0\0\0\0\0\0\0\0\0\0\0\0\0\0\0\0\0\0\0\0\0\0\0\0\0desc\0\0\0\0\08cprt\0\0@\0\0\0Nwtpt\0\0\0\0\0chad\0\0\0\0\0,rXYZ\0\0\\0\0\0bXYZ\0\0\\0\0\0gXYZ\0\0\0\0\0rTRC\0\0\0\0\0 gTRC\0\0,\0\0\0 bTRC\0\0L\0\0\0 chrm\0\0l\0\0\0$mluc\0\0\0\0\0\0\0\0\0\0enUS\0\0\0\0\0\0\0s\0R\0G\0B\0 \0b\0u\0i\0l\0t\0-\0i\0n\0\0mluc\0\0\0\0\0\0\0\0\0\0enUS\0\0\02\0\0\0\0N\0o\0 \0c\0o\0p\0y\0r\0i\0g\0h\0t\0,\0 \0u\0s\0e\0 \0f\0r\0e\0e\0l\0y\0\0\0\0XYZ \0\0\0\0\0\0\\0\0\0\0\0\-sf32\0\0\0\0\0J\0\0\*\0\0\0\0\0\0\\0\0XYZ \0\0\0\0\0\0o\0\08\\0\0XYZ \0\0\0\0\0\0$\0\0\0\0XYZ \0\0\0\0\0\0b\0\0\0\0\para\0\0\0\0\0\0\0\0ff\0\0\0\0\rY\0\0\\0\0\n[para\0\0\0\0\0\0\0\0ff\0\0\0\0\rY\0\0\\0\0\n[para\0\0\0\0\0\0\0\0ff\0\0\0\0\rY\0\0\\0\0\n[chrm\0\0\0\0\0\0\0\0\0\\0\0T{\0\0L\\0\0\0\0&f\0\0\\\0\0H\0H\0\\0\0\0\0\0\0\0\0\0\0\0	\n\\0\0\0\0}\0!1AQa\"q2#BR\$3br	\n\Z%&\'()*456789:CDEFGHIJSTUVWXYZcdefghijstuvwxyz\\\\\\\\\\\\\\\\\\\\\\\\\\\\\\0\0\0\0\0\0\0\0	\n\\0\0\0w\0!1AQaq\"2B	#3Rbr\\n$4\%\Z&\'()*56789:CDEFGHIJSTUVWXYZcdefghijstuvwxyz\\\\\\\\\\\\\\\\\\\\\\\\\\\\\0C\0	\Z!\Z\"$\"$\\0C\\0\0	\\0\0\0?\0^sCx\xO&k\g\m\O\Z\2:8aVB\\~\"|a.\剖=\%\\rŝx+\\ӽ|\\\,\"\.8Ryl\<\B;UJodkxQ\u\Y+\\\,\0GUq\0׭ᾣ\j\+\$c \=+c(\\\8*\W8\&]\\F\I\p\8\W\\\=o\\21}zP\n[\\\>9߇\\\>!\8_>9RF^2˜d`1ް<]\OxM|\R{rpd\iD\'1>$}wc\Ɠ̰\3Z?1\,\^&\pA\0\Ah\Z垳L\]Y\%n*	T\Hʟc[\\\PV\#k#\׈,_\]3]pcd\0T\\Z\EқiM0\\P\0zsN8ƣnr@Ƒ\\?ie\<\iR;+al3J\@\\0}vAZߴED\7R!n4ȼh\\\\ru5\Qv4ä\z\'4M7EВ\\%w\'tTe\!\0+MYYZ\j\o	h\gڼwY\FTֈN\$\"Xx\\\/u\_\\iҟ\-#?ֳ~f\\'\\RF4?\lW*\rc\\\Ms,43\!@\qG\\\ut=/\\]\\Y8Sx=~\\rjØd\\"{>\\F^>m&\Y9Đ9\%^7\\'Y%7ͺ\\===\n\bc\v<\I{E>uQAnk-N\l\\\ep+aj1\No7	\0ykqӏҺhWU\9qYaw\fV>\\\nn\\P~$Xr)\\\0i_ɮhglQ\0\2q^\+w\Ou\\ZFe5<K<M?λ`kYS*uϟtkW6p\ZI$\Zd8X\0(c\}9\]\kksg\~\#E@mŏq\\WS\'EP|3\t\B&\=\&\0\\9\5\\jwvVǧĮf\\\n(\t\QR\cic\rPX\o/V~뚟QkM*y֏\Y\H\q\?J\E-\\V\hX:7A}z\y<M\\3RK[9^!\&!	\w`nR+i\U\n-r\\]G)v>uc{k7Z{&\Ѳ\\Z)\r~\~\\ZgW`_\k	c)&\RG\Х\ZpJ\'*\9{B\nrkc\>֓\箵״~\\ָm_Q.e	\\n\VQ\眩li+/\Z\e)c\'??\\C~#yM\\\l\\?S_7\u\\*ʇ\^\=P\jV\ꑜCqb\UO5\4\=\\\#~F\\W<=Hh\f.\{\!>!\\Hc=ON\0x\׏\-cKK4PD\\n#N:5\,4\\2\\Wwlw0BBş1S8?7_Ǐμ\\V\Z؃ߠ=\"\G_)C\0^gbC(+a\\^\ãJ\DNOˌ\U16\\5\g}O\h\z\isn&^F,\\=;WeM<q\?\Z襙Jlg\'(䃜`ל\M{kl>u.ӹK\NA\_h\\#\VDrq\V\\әsG\\r^\P#}\0vZ\{ӊ\{yKu\0?\W\'R\tV˙b\M\L!&y]\UzV\-\\0\0跫G`:l\\z{\\\\n\5V\d+\\3\'\^\C\0\I?\ׅoMO\>\eȲ@Ev\0|\\M\c4&t]\09\\0^\\nǙɖ\QP?\Z\V9&\OQa\\qJE\\{\');
/*!40000 ALTER TABLE `student_image` ENABLE KEYS */;
UNLOCK TABLES;

--
-- Table structure for table `tables_in`
--

DROP TABLE IF EXISTS `tables_in`;
/*!40101 SET @saved_cs_client     = @@character_set_client */;
/*!50503 SET character_set_client = utf8mb4 */;
CREATE TABLE `tables_in` (
  `id` int NOT NULL AUTO_INCREMENT,
  `fields_` json NOT NULL,
  PRIMARY KEY (`id`)
) ENGINE=MyISAM DEFAULT CHARSET=utf8mb4 COLLATE=utf8mb4_0900_ai_ci;
/*!40101 SET character_set_client = @saved_cs_client */;

--
-- Dumping data for table `tables_in`
--

LOCK TABLES `tables_in` WRITE;
/*!40000 ALTER TABLE `tables_in` DISABLE KEYS */;
/*!40000 ALTER TABLE `tables_in` ENABLE KEYS */;
UNLOCK TABLES;

--
-- Table structure for table `tables_out`
--

DROP TABLE IF EXISTS `tables_out`;
/*!40101 SET @saved_cs_client     = @@character_set_client */;
/*!50503 SET character_set_client = utf8mb4 */;
CREATE TABLE `tables_out` (
  `id` int NOT NULL AUTO_INCREMENT,
  `tables_` json NOT NULL,
  PRIMARY KEY (`id`)
) ENGINE=MyISAM AUTO_INCREMENT=15 DEFAULT CHARSET=utf8mb4 COLLATE=utf8mb4_0900_ai_ci;
/*!40101 SET character_set_client = @saved_cs_client */;

--
-- Dumping data for table `tables_out`
--

LOCK TABLES `tables_out` WRITE;
/*!40000 ALTER TABLE `tables_out` DISABLE KEYS */;
INSERT INTO `tables_out` VALUES (1,'{\"advisor\": {\"fields\": [{\"field\": \"i_ID\", \"values\": [\"10101\", \"22222\", \"22222\", \"45565\", \"45565\", \"76543\", \"76766\", \"98345\", \"98345\"]}, {\"field\": \"s_ID\", \"values\": [\"00128\", \"12345\", \"23121\", \"44553\", \"45678\", \"76543\", \"76653\", \"98765\", \"98988\"]}], \"table_name\": \"advisor\"}}'),(2,'{\"classroom\": {\"fields\": [{\"field\": \"building\", \"values\": [\"Packard\", \"Painter\", \"Taylor\", \"Watson\", \"Watson\"]}, {\"field\": \"capacity\", \"values\": [500, 10, 70, 30, 50]}, {\"field\": \"room_number\", \"values\": [\"101\", \"514\", \"3128\", \"100\", \"120\"]}], \"table_name\": \"classroom\"}}'),(3,'{\"course\": {\"fields\": [{\"field\": \"course_id\", \"values\": [\"BIO-101\", \"BIO-301\", \"BIO-399\", \"CS-101\", \"CS-190\", \"CS-315\", \"CS-319\", \"CS-347\", \"EE-181\", \"FIN-201\", \"HIS-351\", \"MU-199\", \"PHY-101\"]}, {\"field\": \"credits\", \"values\": [4, 4, 3, 4, 4, 3, 3, 3, 3, 3, 3, 3, 4]}, {\"field\": \"dept_name\", \"values\": [\"Biology\", \"Biology\", \"Biology\", \"Comp. Sci.\", \"Comp. Sci.\", \"Comp. Sci.\", \"Comp. Sci.\", \"Comp. Sci.\", \"Elec. Eng.\", \"Finance\", \"History\", \"Music\", \"Physics\"]}, {\"field\": \"title\", \"values\": [\"Intro. to Biology\", \"Genetics\", \"Computational Biology\", \"Intro. to Computer Science\", \"Game Design\", \"Robotics\", \"Image Processing\", \"Database System Concepts\", \"Intro. to Digital Systems\", \"Investment Banking\", \"World History\", \"Music Video Production\", \"Physical Principles\"]}], \"table_name\": \"course\"}}'),(4,'{\"department\": {\"fields\": [{\"field\": \"budget\", \"values\": [90000.0, 100000.0, 85000.0, 120000.0, 50000.0, 80000.0, 70000.0]}, {\"field\": \"building\", \"values\": [\"Watson\", \"Taylor\", \"Taylor\", \"Painter\", \"Painter\", \"Packard\", \"Watson\"]}, {\"field\": \"dept_name\", \"values\": [\"Biology\", \"Comp. Sci.\", \"Elec. Eng.\", \"Finance\", \"History\", \"Music\", \"Physics\"]}], \"table_name\": \"department\"}}'),(5,'{\"instructor\": {\"fields\": [{\"field\": \"dept_name\", \"values\": [\"Biology\", \"Comp. Sci.\", \"Comp. Sci.\", \"Comp. Sci.\", \"Elec. Eng.\", \"Finance\", \"Finance\", \"History\", \"History\", \"Music\", \"Physics\", \"Physics\"]}, {\"field\": \"ID\", \"values\": [\"10101\", \"12121\", \"15151\", \"22222\", \"32343\", \"33456\", \"45565\", \"58583\", \"76543\", \"76766\", \"83821\", \"98345\"]}, {\"field\": \"name\", \"values\": [\"Srinivasan\", \"Wu\", \"Mozart\", \"Einstein\", \"El Said\", \"Gold\", \"Katz\", \"Califieri\", \"Singh\", \"Crick\", \"Brandt\", \"Kim\"]}, {\"field\": \"salary\", \"values\": [65000.0, 90000.0, 40000.0, 95000.0, 60000.0, 87000.0, 75000.0, 62000.0, 80000.0, 72000.0, 92000.0, 80000.0]}], \"table_name\": \"instructor\"}}'),(6,'{\"mytables\": {\"fields\": [{\"field\": \"id\", \"values\": null}, {\"field\": \"myvalues\", \"values\": null}], \"table_name\": \"mytables\"}}'),(7,'{\"prereq\": {\"fields\": [{\"field\": \"course_id\", \"values\": [\"BIO-301\", \"BIO-399\", \"CS-190\", \"CS-315\", \"CS-319\", \"CS-347\", \"EE-181\"]}, {\"field\": \"prereq_id\", \"values\": [\"BIO-101\", \"BIO-101\", \"CS-101\", \"CS-101\", \"CS-101\", \"CS-101\", \"PHY-101\"]}], \"table_name\": \"prereq\"}}'),(8,'{\"section\": {\"fields\": [{\"field\": \"building\", \"values\": [null, \"Packard\", \"Packard\", \"Packard\", \"Packard\", \"Painter\", \"Painter\", \"Painter\", \"Taylor\", \"Taylor\", \"Taylor\", \"Taylor\", \"Taylor\", \"Watson\", \"Watson\", \"Watson\"]}, {\"field\": \"course_id\", \"values\": [\"BIO-101\", \"BIO-101\", \"BIO-301\", \"CS-101\", \"CS-101\", \"CS-190\", \"CS-190\", \"CS-315\", \"CS-319\", \"CS-319\", \"CS-347\", \"EE-181\", \"FIN-201\", \"HIS-351\", \"MU-199\", \"PHY-101\"]}, {\"field\": \"room_number\", \"values\": [null, \"101\", \"101\", \"101\", \"101\", \"514\", \"514\", \"514\", \"3128\", \"3128\", \"3128\", \"3128\", \"3128\", \"100\", \"100\", \"120\"]}, {\"field\": \"sec_id\", \"values\": [\"1\", \"1\", \"1\", \"1\", \"1\", \"1\", \"2\", \"1\", \"1\", \"2\", \"1\", \"1\", \"1\", \"1\", \"1\", \"1\"]}, {\"field\": \"semester\", \"values\": [\"Summer\", \"Summer\", \"Summer\", \"Fall\", \"Spring\", \"Spring\", \"Spring\", \"Spring\", \"Spring\", \"Spring\", \"Fall\", \"Spring\", \"Spring\", \"Spring\", \"Spring\", \"Fall\"]}, {\"field\": \"time_slot_id\", \"values\": [\"B\", \"A\", \"H\", \"F\", \"E\", \"A\", \"D\", \"B\", \"C\", \"A\", \"C\", \"B\", \"C\", \"D\", \"A\", null]}, {\"field\": \"year\", \"values\": [2017, 2019, 2018, 2017, 2018, 2017, 2017, 2018, 2018, 2018, 2017, 2017, 2018, 2018, 2018, 2017]}], \"table_name\": \"section\"}}'),(9,'{\"student\": {\"fields\": [{\"field\": \"dept_name\", \"values\": [\"Biology\", \"Comp_Sdfghji.\", \"Comp. Sbi.\", \"Comp. Sci.\", \"Comp. Sci.\", \"Elec_ Eng.\", \"Elec. Eng.\", \"History\", \"Music\", \"Physics\", \"Physics\", \"Physics\", \"Yinance\"]}, {\"field\": \"ID\", \"values\": [\"00128\", \"12345\", \"19991\", \"23121\", \"44553\", \"45678\", \"54321\", \"55739\", \"70557\", \"76543\", \"76653\", \"98765\", \"98988\"]}, {\"field\": \"name\", \"values\": [\"Zhang\", \"Shankar\", \"Brandt\", \"Chavez\", \"Peltier\", \"Levy\", \"Williams\", \"Sanchez\", \"Snow\", \"Brown\", \"Aoi\", \"Bourikas\", \"Tanaka\"]}, {\"field\": \"tot_cred\", \"values\": [102, 32, 80, 110, 56, 46, 54, 38, 56, 58, 60, 98, 120]}], \"table_name\": \"student\"}}'),(10,'{\"tables_in\": {\"fields\": [{\"field\": \"fields_\", \"values\": null}, {\"field\": \"id\", \"values\": [1]}], \"table_name\": \"tables_in\"}}'),(11,'{\"tables_out\": {\"fields\": [{\"field\": \"id\", \"values\": [1, 2, 3, 4, 5, 6, 7, 8, 9, 10]}, {\"field\": \"tables_\", \"values\": [{\"advisor\": {\"fields\": [{\"field\": \"i_ID\", \"values\": [\"10101\", \"22222\", \"22222\", \"45565\", \"45565\", \"76543\", \"76766\", \"98345\", \"98345\"]}, {\"field\": \"s_ID\", \"values\": [\"00128\", \"12345\", \"23121\", \"44553\", \"45678\", \"76543\", \"76653\", \"98765\", \"98988\"]}], \"table_name\": \"advisor\"}}, {\"classroom\": {\"fields\": [{\"field\": \"building\", \"values\": [\"Packard\", \"Painter\", \"Taylor\", \"Watson\", \"Watson\"]}, {\"field\": \"capacity\", \"values\": [500, 10, 70, 30, 50]}, {\"field\": \"room_number\", \"values\": [\"101\", \"514\", \"3128\", \"100\", \"120\"]}], \"table_name\": \"classroom\"}}, {\"course\": {\"fields\": [{\"field\": \"course_id\", \"values\": [\"BIO-101\", \"BIO-301\", \"BIO-399\", \"CS-101\", \"CS-190\", \"CS-315\", \"CS-319\", \"CS-347\", \"EE-181\", \"FIN-201\", \"HIS-351\", \"MU-199\", \"PHY-101\"]}, {\"field\": \"credits\", \"values\": [4, 4, 3, 4, 4, 3, 3, 3, 3, 3, 3, 3, 4]}, {\"field\": \"dept_name\", \"values\": [\"Biology\", \"Biology\", \"Biology\", \"Comp. Sci.\", \"Comp. Sci.\", \"Comp. Sci.\", \"Comp. Sci.\", \"Comp. Sci.\", \"Elec. Eng.\", \"Finance\", \"History\", \"Music\", \"Physics\"]}, {\"field\": \"title\", \"values\": [\"Intro. to Biology\", \"Genetics\", \"Computational Biology\", \"Intro. to Computer Science\", \"Game Design\", \"Robotics\", \"Image Processing\", \"Database System Concepts\", \"Intro. to Digital Systems\", \"Investment Banking\", \"World History\", \"Music Video Production\", \"Physical Principles\"]}], \"table_name\": \"course\"}}, {\"department\": {\"fields\": [{\"field\": \"budget\", \"values\": [90000.0, 100000.0, 85000.0, 120000.0, 50000.0, 80000.0, 70000.0]}, {\"field\": \"building\", \"values\": [\"Watson\", \"Taylor\", \"Taylor\", \"Painter\", \"Painter\", \"Packard\", \"Watson\"]}, {\"field\": \"dept_name\", \"values\": [\"Biology\", \"Comp. Sci.\", \"Elec. Eng.\", \"Finance\", \"History\", \"Music\", \"Physics\"]}], \"table_name\": \"department\"}}, {\"instructor\": {\"fields\": [{\"field\": \"dept_name\", \"values\": [\"Biology\", \"Comp. Sci.\", \"Comp. Sci.\", \"Comp. Sci.\", \"Elec. Eng.\", \"Finance\", \"Finance\", \"History\", \"History\", \"Music\", \"Physics\", \"Physics\"]}, {\"field\": \"ID\", \"values\": [\"10101\", \"12121\", \"15151\", \"22222\", \"32343\", \"33456\", \"45565\", \"58583\", \"76543\", \"76766\", \"83821\", \"98345\"]}, {\"field\": \"name\", \"values\": [\"Srinivasan\", \"Wu\", \"Mozart\", \"Einstein\", \"El Said\", \"Gold\", \"Katz\", \"Califieri\", \"Singh\", \"Crick\", \"Brandt\", \"Kim\"]}, {\"field\": \"salary\", \"values\": [65000.0, 90000.0, 40000.0, 95000.0, 60000.0, 87000.0, 75000.0, 62000.0, 80000.0, 72000.0, 92000.0, 80000.0]}], \"table_name\": \"instructor\"}}, {\"mytables\": {\"fields\": [{\"field\": \"id\", \"values\": null}, {\"field\": \"myvalues\", \"values\": null}], \"table_name\": \"mytables\"}}, {\"prereq\": {\"fields\": [{\"field\": \"course_id\", \"values\": [\"BIO-301\", \"BIO-399\", \"CS-190\", \"CS-315\", \"CS-319\", \"CS-347\", \"EE-181\"]}, {\"field\": \"prereq_id\", \"values\": [\"BIO-101\", \"BIO-101\", \"CS-101\", \"CS-101\", \"CS-101\", \"CS-101\", \"PHY-101\"]}], \"table_name\": \"prereq\"}}, {\"section\": {\"fields\": [{\"field\": \"building\", \"values\": [null, \"Packard\", \"Packard\", \"Packard\", \"Packard\", \"Painter\", \"Painter\", \"Painter\", \"Taylor\", \"Taylor\", \"Taylor\", \"Taylor\", \"Taylor\", \"Watson\", \"Watson\", \"Watson\"]}, {\"field\": \"course_id\", \"values\": [\"BIO-101\", \"BIO-101\", \"BIO-301\", \"CS-101\", \"CS-101\", \"CS-190\", \"CS-190\", \"CS-315\", \"CS-319\", \"CS-319\", \"CS-347\", \"EE-181\", \"FIN-201\", \"HIS-351\", \"MU-199\", \"PHY-101\"]}, {\"field\": \"room_number\", \"values\": [null, \"101\", \"101\", \"101\", \"101\", \"514\", \"514\", \"514\", \"3128\", \"3128\", \"3128\", \"3128\", \"3128\", \"100\", \"100\", \"120\"]}, {\"field\": \"sec_id\", \"values\": [\"1\", \"1\", \"1\", \"1\", \"1\", \"1\", \"2\", \"1\", \"1\", \"2\", \"1\", \"1\", \"1\", \"1\", \"1\", \"1\"]}, {\"field\": \"semester\", \"values\": [\"Summer\", \"Summer\", \"Summer\", \"Fall\", \"Spring\", \"Spring\", \"Spring\", \"Spring\", \"Spring\", \"Spring\", \"Fall\", \"Spring\", \"Spring\", \"Spring\", \"Spring\", \"Fall\"]}, {\"field\": \"time_slot_id\", \"values\": [\"B\", \"A\", \"H\", \"F\", \"E\", \"A\", \"D\", \"B\", \"C\", \"A\", \"C\", \"B\", \"C\", \"D\", \"A\", null]}, {\"field\": \"year\", \"values\": [2017, 2019, 2018, 2017, 2018, 2017, 2017, 2018, 2018, 2018, 2017, 2017, 2018, 2018, 2018, 2017]}], \"table_name\": \"section\"}}, {\"student\": {\"fields\": [{\"field\": \"dept_name\", \"values\": [\"Biology\", \"Comp_Sdfghji.\", \"Comp. Sbi.\", \"Comp. Sci.\", \"Comp. Sci.\", \"Elec_ Eng.\", \"Elec. Eng.\", \"History\", \"Music\", \"Physics\", \"Physics\", \"Physics\", \"Yinance\"]}, {\"field\": \"ID\", \"values\": [\"00128\", \"12345\", \"19991\", \"23121\", \"44553\", \"45678\", \"54321\", \"55739\", \"70557\", \"76543\", \"76653\", \"98765\", \"98988\"]}, {\"field\": \"name\", \"values\": [\"Zhang\", \"Shankar\", \"Brandt\", \"Chavez\", \"Peltier\", \"Levy\", \"Williams\", \"Sanchez\", \"Snow\", \"Brown\", \"Aoi\", \"Bourikas\", \"Tanaka\"]}, {\"field\": \"tot_cred\", \"values\": [102, 32, 80, 110, 56, 46, 54, 38, 56, 58, 60, 98, 120]}], \"table_name\": \"student\"}}, {\"tables_in\": {\"fields\": [{\"field\": \"fields_\", \"values\": null}, {\"field\": \"id\", \"values\": [1]}], \"table_name\": \"tables_in\"}}]}], \"table_name\": \"tables_out\"}}'),(12,'{\"takes\": {\"fields\": [{\"field\": \"course_id\", \"values\": [\"BIO-101\", \"BIO-301\", \"CS-101\", \"CS-101\", \"CS-101\", \"CS-101\", \"CS-101\", \"CS-101\", \"CS-101\", \"CS-190\", \"CS-190\", \"CS-315\", \"CS-315\", \"CS-319\", \"CS-319\", \"CS-347\", \"CS-347\", \"EE-181\", \"FIN-201\", \"HIS-351\", \"MU-199\", \"PHY-101\"]}, {\"field\": \"grade\", \"values\": [\"A\", \"A-\", \"C\", \"A\", \"A\", \"A\", \"B\", \"C+\", \"B-\", \"F\", \"B+\", \"B\", \"A-\", \"B+\", \"A-\", \"A\", \"A\", \"C\", \"C-\", \"B\", \"A\", null]}, {\"field\": \"ID\", \"values\": [\"00128\", \"00128\", \"12345\", \"12345\", \"12345\", \"12345\", \"19991\", \"23121\", \"44553\", \"45678\", \"45678\", \"45678\", \"54321\", \"54321\", \"55739\", \"76543\", \"76543\", \"76653\", \"98765\", \"98765\", \"98988\", \"98988\"]}, {\"field\": \"sec_id\", \"values\": [\"1\", \"1\", \"1\", \"1\", \"1\", \"1\", \"1\", \"1\", \"1\", \"2\", \"2\", \"1\", \"1\", \"1\", \"2\", \"1\", \"1\", \"1\", \"1\", \"1\", \"1\", \"1\"]}, {\"field\": \"semester\", \"values\": [\"Summer\", \"Summer\", \"Fall\", \"Fall\", \"Fall\", \"Fall\", \"Fall\", \"Fall\", \"Spring\", \"Spring\", \"Spring\", \"Spring\", \"Spring\", \"Spring\", \"Spring\", \"Fall\", \"Fall\", \"Spring\", \"Spring\", \"Spring\", \"Spring\", \"Fall\"]}, {\"field\": \"year\", \"values\": [2017, 2018, 2017, 2017, 2017, 2017, 2017, 2017, 2018, 2017, 2017, 2018, 2018, 2018, 2018, 2017, 2017, 2017, 2018, 2018, 2018, 2017]}], \"table_name\": \"takes\"}}'),(13,'{\"teaches\": {\"fields\": [{\"field\": \"course_id\", \"values\": [\"BIO-101\", \"BIO-301\", \"CS_101\", \"CS-101\", \"CS-190\", \"CS-190\", \"CS-315\", \"CS-319\", \"CS-319\", \"CS-347\", \"EE-181\", \"FIN-201\", \"HIS-351\", \"MU-199\", \"PHY-101\"]}, {\"field\": \"ID\", \"values\": [\"76766\", \"76766\", \"10101\", \"45565\", \"83821\", \"83821\", \"10101\", \"45565\", \"83821\", \"10101\", \"98345\", \"12121\", \"32343\", \"15151\", \"22222\"]}, {\"field\": \"sec_id\", \"values\": [\"1\", \"1\", \"1\", \"1\", \"1\", \"2\", \"1\", \"1\", \"2\", \"1\", \"1\", \"1\", \"1\", \"1\", \"1\"]}, {\"field\": \"semester\", \"values\": [\"Summer\", \"Summer\", \"Fall\", \"Spring\", \"Spring\", \"Spring\", \"Spring\", \"Spring\", \"Spring\", \"Fall\", \"Spring\", \"Spring\", \"Spring\", \"Spring\", \"Fall\"]}, {\"field\": \"year\", \"values\": [2017, 2018, 2017, 2018, 2017, 2017, 2018, 2018, 2018, 2017, 2017, 2018, 2018, 2018, 2017]}], \"table_name\": \"teaches\"}}'),(14,'{\"time_slot\": {\"fields\": [{\"field\": \"day\", \"values\": [\"F\", \"M\", \"W\", \"F\", \"M\", \"W\", \"F\", \"M\", \"W\", \"F\", \"M\", \"W\", \"R\", \"T\", \"R\", \"T\", \"F\", \"M\", \"W\", \"W\"]}, {\"field\": \"end_hr\", \"values\": [8, 8, 8, 9, 9, 9, 11, 11, 11, 13, 13, 13, 11, 11, 15, 15, 16, 16, 16, 12]}, {\"field\": \"end_min\", \"values\": [50, 50, 50, 50, 50, 50, 50, 50, 50, 50, 50, 50, 45, 45, 45, 45, 50, 50, 50, 30]}, {\"field\": \"start_hr\", \"values\": [8, 8, 8, 9, 9, 9, 11, 11, 11, 13, 13, 13, 10, 10, 14, 14, 16, 16, 16, 10]}, {\"field\": \"start_min\", \"values\": [0, 0, 0, 0, 0, 0, 0, 0, 0, 0, 0, 0, 30, 30, 30, 30, 0, 0, 0, 0]}, {\"field\": \"time_slot_id\", \"values\": [\"A\", \"A\", \"A\", \"B\", \"B\", \"B\", \"C\", \"C\", \"C\", \"D\", \"D\", \"D\", \"E\", \"E\", \"F\", \"F\", \"G\", \"G\", \"G\", \"H\"]}], \"table_name\": \"time_slot\"}}');
/*!40000 ALTER TABLE `tables_out` ENABLE KEYS */;
UNLOCK TABLES;

--
-- Table structure for table `takes`
--

DROP TABLE IF EXISTS `takes`;
/*!40101 SET @saved_cs_client     = @@character_set_client */;
/*!50503 SET character_set_client = utf8mb4 */;
CREATE TABLE `takes` (
  `ID` varchar(5) CHARACTER SET utf8mb4 COLLATE utf8mb4_unicode_ci NOT NULL,
  `course_id` varchar(8) CHARACTER SET utf8mb4 COLLATE utf8mb4_unicode_ci NOT NULL,
  `sec_id` varchar(8) CHARACTER SET utf8mb4 COLLATE utf8mb4_unicode_ci NOT NULL,
  `semester` varchar(6) CHARACTER SET utf8mb4 COLLATE utf8mb4_unicode_ci NOT NULL,
  `year` decimal(4,0) NOT NULL,
  `grade` varchar(2) CHARACTER SET utf8mb4 COLLATE utf8mb4_unicode_ci DEFAULT NULL,
  `update` date NOT NULL,
  PRIMARY KEY (`ID`,`course_id`,`sec_id`,`semester`,`year`),
  KEY `course_id` (`course_id`,`sec_id`,`semester`,`year`),
  CONSTRAINT `takes_ibfk_1` FOREIGN KEY (`ID`) REFERENCES `student` (`ID`) ON DELETE RESTRICT ON UPDATE RESTRICT,
  CONSTRAINT `takes_ibfk_2` FOREIGN KEY (`course_id`, `sec_id`, `semester`, `year`) REFERENCES `section` (`course_id`, `sec_id`, `semester`, `year`) ON DELETE RESTRICT ON UPDATE RESTRICT
) ENGINE=InnoDB DEFAULT CHARSET=utf8mb4 COLLATE=utf8mb4_unicode_ci;
/*!40101 SET character_set_client = @saved_cs_client */;

--
-- Dumping data for table `takes`
--

LOCK TABLES `takes` WRITE;
/*!40000 ALTER TABLE `takes` DISABLE KEYS */;
INSERT INTO `takes` VALUES ('00128','CS-101','1','Fall',2017,'A','2023-03-22'),('00128','CS-347','1','Fall',2017,'A-','2023-03-22'),('12345','CS-101','1','Fall',2017,'C','2023-03-22'),('12345','CS-190','2','Spring',2017,'A','2023-03-22'),('12345','CS-315','1','Spring',2018,'A','2023-03-22'),('12345','CS-347','1','Fall',2017,'A','2023-03-22'),('19991','HIS-351','1','Spring',2018,'B','2023-03-22'),('23121','FIN-201','1','Spring',2018,'C+','2023-03-22'),('44553','PHY-101','1','Fall',2017,'B-','2023-03-22'),('45678','CS-101','1','Fall',2017,'F','2023-03-22'),('45678','CS-101','1','Spring',2018,'B+','2023-03-22'),('45678','CS-319','1','Spring',2018,'B','2023-03-22'),('54321','CS-101','1','Fall',2017,'A-','2023-03-22'),('54321','CS-190','2','Spring',2017,'B+','2023-03-22'),('55739','MU-199','1','Spring',2018,'A-','2023-03-22'),('76543','CS-101','1','Fall',2017,'A','2023-03-22'),('76543','CS-319','2','Spring',2018,'A','2023-03-22'),('76653','EE-181','1','Spring',2017,'C','2023-03-22'),('98765','CS-101','1','Fall',2017,'C-','2023-03-22'),('98765','CS-315','1','Spring',2018,'B','2023-03-22'),('98988','BIO-101','1','Summer',2017,'A','2023-03-22'),('98988','BIO-301','1','Summer',2018,NULL,'2023-03-22');
/*!40000 ALTER TABLE `takes` ENABLE KEYS */;
UNLOCK TABLES;

--
-- Table structure for table `teaches`
--

DROP TABLE IF EXISTS `teaches`;
/*!40101 SET @saved_cs_client     = @@character_set_client */;
/*!50503 SET character_set_client = utf8mb4 */;
CREATE TABLE `teaches` (
  `ID` varchar(5) CHARACTER SET utf8mb4 COLLATE utf8mb4_unicode_ci NOT NULL,
  `course_id` varchar(8) CHARACTER SET utf8mb4 COLLATE utf8mb4_unicode_ci NOT NULL,
  `sec_id` varchar(8) CHARACTER SET utf8mb4 COLLATE utf8mb4_unicode_ci NOT NULL,
  `semester` varchar(6) CHARACTER SET utf8mb4 COLLATE utf8mb4_unicode_ci NOT NULL,
  `year` decimal(4,0) NOT NULL,
  `update` date NOT NULL,
  PRIMARY KEY (`ID`,`course_id`,`sec_id`,`semester`,`year`),
  KEY `course_id` (`course_id`,`sec_id`,`semester`,`year`),
  CONSTRAINT `teaches_ibfk_1` FOREIGN KEY (`ID`) REFERENCES `instructor` (`ID`) ON DELETE RESTRICT ON UPDATE RESTRICT,
  CONSTRAINT `teaches_ibfk_3` FOREIGN KEY (`course_id`, `sec_id`, `semester`, `year`) REFERENCES `section` (`course_id`, `sec_id`, `semester`, `year`) ON DELETE RESTRICT ON UPDATE RESTRICT
) ENGINE=InnoDB DEFAULT CHARSET=utf8mb4 COLLATE=utf8mb4_unicode_ci;
/*!40101 SET character_set_client = @saved_cs_client */;

--
-- Dumping data for table `teaches`
--

LOCK TABLES `teaches` WRITE;
/*!40000 ALTER TABLE `teaches` DISABLE KEYS */;
INSERT INTO `teaches` VALUES ('10101','CS-101','1','Fall',2017,'2023-03-22'),('10101','CS-315','1','Spring',2018,'2023-03-22'),('10101','CS-347','1','Fall',2017,'2023-03-22'),('12121','FIN-201','1','Spring',2018,'2023-03-22'),('15151','MU-199','1','Spring',2018,'2023-03-22'),('22222','PHY-101','1','Fall',2017,'2023-03-22'),('32343','HIS-351','1','Spring',2018,'2023-03-22'),('45565','CS-101','1','Spring',2018,'2023-03-22'),('45565','CS-319','1','Spring',2018,'2023-03-22'),('76766','BIO-101','1','Summer',2017,'2023-03-22'),('76766','BIO-301','1','Summer',2018,'2023-03-22'),('83821','CS-190','1','Spring',2017,'2023-03-22'),('83821','CS-190','2','Spring',2017,'2023-03-22'),('83821','CS-319','2','Spring',2018,'2023-03-22'),('98345','EE-181','1','Spring',2017,'2023-03-22');
/*!40000 ALTER TABLE `teaches` ENABLE KEYS */;
UNLOCK TABLES;

--
-- Table structure for table `time_slot`
--

DROP TABLE IF EXISTS `time_slot`;
/*!40101 SET @saved_cs_client     = @@character_set_client */;
/*!50503 SET character_set_client = utf8mb4 */;
CREATE TABLE `time_slot` (
  `time_slot_id` varchar(4) CHARACTER SET utf8mb4 COLLATE utf8mb4_unicode_ci NOT NULL,
  `day` varchar(1) CHARACTER SET utf8mb4 COLLATE utf8mb4_unicode_ci NOT NULL,
  `start_hr` decimal(2,0) NOT NULL,
  `start_min` decimal(2,0) NOT NULL,
  `end_hr` decimal(2,0) DEFAULT NULL,
  `end_min` decimal(2,0) DEFAULT NULL,
  PRIMARY KEY (`time_slot_id`,`day`,`start_hr`,`start_min`)
) ENGINE=InnoDB DEFAULT CHARSET=utf8mb4 COLLATE=utf8mb4_0900_ai_ci;
/*!40101 SET character_set_client = @saved_cs_client */;

--
-- Dumping data for table `time_slot`
--

LOCK TABLES `time_slot` WRITE;
/*!40000 ALTER TABLE `time_slot` DISABLE KEYS */;
INSERT INTO `time_slot` VALUES ('A','F',8,0,8,50),('A','M',8,0,8,50),('A','W',8,0,8,50),('B','F',9,0,9,50),('B','M',9,0,9,50),('B','W',9,0,9,50),('C','F',11,0,11,50),('C','M',11,0,11,50),('C','W',11,0,11,50),('D','F',13,0,13,50),('D','M',13,0,13,50),('D','W',13,0,13,50),('E','R',10,30,11,45),('E','T',10,30,11,45),('F','R',14,30,15,45),('F','T',14,30,15,45),('G','F',16,0,16,50),('G','M',16,0,16,50),('G','W',16,0,16,50),('H','W',10,0,12,30);
/*!40000 ALTER TABLE `time_slot` ENABLE KEYS */;
UNLOCK TABLES;

--
-- Final view structure for view `relations`
--

/*!50001 DROP VIEW IF EXISTS `relations`*/;
/*!50001 SET @saved_cs_client          = @@character_set_client */;
/*!50001 SET @saved_cs_results         = @@character_set_results */;
/*!50001 SET @saved_col_connection     = @@collation_connection */;
/*!50001 SET character_set_client      = utf8mb4 */;
/*!50001 SET character_set_results     = utf8mb4 */;
/*!50001 SET collation_connection      = utf8mb4_0900_ai_ci */;
/*!50001 CREATE ALGORITHM=UNDEFINED */
/*!50013 DEFINER=`root`@`localhost` SQL SECURITY DEFINER */
/*!50001 VIEW `relations` AS select distinct `information_schema`.`ifb`.`ID` AS `ID`,`information_schema`.`ifb`.`FOR_NAME` AS `FOR_NAME`,`information_schema`.`ifb`.`REF_NAME` AS `REF_NAME`,`information_schema`.`ifb`.`N_COLS` AS `N_COLS`,`information_schema`.`ifb`.`TYPE` AS `TYPE`,`information_schema`.`ifc`.`FOR_COL_NAME` AS `FOR_COL_NAME`,`information_schema`.`ifc`.`REF_COL_NAME` AS `REF_COL_NAME`,`information_schema`.`ifc`.`POS` AS `POS` from (`information_schema`.`INNODB_FOREIGN` `ifb` join `information_schema`.`INNODB_FOREIGN_COLS` `ifc`) where ((`information_schema`.`ifb`.`ID` like '%uni_partial_json%') and (`information_schema`.`ifb`.`ID` = `information_schema`.`ifc`.`ID`)) */;
/*!50001 SET character_set_client      = @saved_cs_client */;
/*!50001 SET character_set_results     = @saved_cs_results */;
/*!50001 SET collation_connection      = @saved_col_connection */;
/*!40103 SET TIME_ZONE=@OLD_TIME_ZONE */;

/*!40101 SET SQL_MODE=@OLD_SQL_MODE */;
/*!40014 SET FOREIGN_KEY_CHECKS=@OLD_FOREIGN_KEY_CHECKS */;
/*!40014 SET UNIQUE_CHECKS=@OLD_UNIQUE_CHECKS */;
/*!40101 SET CHARACTER_SET_CLIENT=@OLD_CHARACTER_SET_CLIENT */;
/*!40101 SET CHARACTER_SET_RESULTS=@OLD_CHARACTER_SET_RESULTS */;
/*!40101 SET COLLATION_CONNECTION=@OLD_COLLATION_CONNECTION */;
/*!40111 SET SQL_NOTES=@OLD_SQL_NOTES */;

-- Dump completed on 2023-03-15 18:10:51
